구분,제목,담당부서,작성일,문화재명,지정유형,도난일자설명,수량,규격,시대,도난장소
도난,[유실]경상북도 도유형문화재 제399-21호 청도군 덕사 영산전 복장발원문 1점,안전기준과,2021-07-19,[유실]경상북도 도유형문화재 제399-21호 청도군 덕사 영산전 복장발원문 1점,경상북도 유형문화재 제399-21호,2016년~2018년,1점,,미상,경상북도 청도군 
도난,[도난]경상북도 예천군 연안이씨 별좌공 종택 편액 긍구헌 1점,안전기준과,2021-07-19,[도난]경상북도 예천군 연안이씨 별좌공 종택 편액 긍구헌 1점,비지정문화재,2020.3.19.~2021.3.15(추정),1점,,미상,경상북도 예천군 
도난,[도난]포항시 법광사지(사적 제493호) 내 삼층석탑 구형부재 상륜부 1점,안전기준과,2021-05-13,[도난]포항시 법광사지(사적 제493호) 내 삼층석탑 구형부재 상륜부 1점,비지정문화재,2021년 3월 이전,1점,,미상,경상북도 포항시 
도난,"[도난]경주시 천관사지(사적 제340호) 내 석등 상대석, 석등 하대석 2점",안전기준과,2021-05-12,"[도난]경주시 천관사지(사적 제340호) 내 석등 상대석, 석등 하대석 2점",비지정문화재,2021-04-28,2점,"- 상대석 : 지름 52cm, 높이 20cm, - 하대석 : 한변 80cm내외, 복련 지름 58cm, 높이 21cm",신라시대,경상북도 경주시 
도난,[도난]전라남도 진도군 덕병리 석장승 2점,안전기준과,2021-03-16,[도난]전라남도 진도군 덕병리 석장승 2점,비지정문화재,1989년 3월경,2점,"대장군(높이200cm,두께31cm), 진살등(높이210cm,두께30cm)",미상,전라남도 진도군 
도난,[도굴]경기도 용인시 향토유적 제70호 죽산박씨 문헌공파 묘역,안전기준과,2020-12-30,[도굴]경기도 용인시 향토유적 제70호 죽산박씨 문헌공파 묘역,경기도 용인시 향토유적 제70호,2020년 9월 15일 이전,,,조선,경기도 용인시
도난,[도난]경기도 안양시 석수동 분청도자기 등 4점,안전기준과,2020-11-03,[도난]경기도 안양시 석수동 분청도자기 등 4점,비지정문화재,2020.6.27.,4점,,조선시대(추정),경기도 안양시
도난,[도굴]경상북도 문화재자료 제647호 영주 류빈묘씨,안전기준과,2020-09-14,[도굴]경상북도 문화재자료 제647호 영주 류빈묘씨,경상북도 문화재자료 제647호,2020년 9월 1일 이전,,,고려말~조선,경상북도 영주시 
도난,[도난]국가민속문화재 제40호 홍극가묘출토복식 4점,안전기준과,2020-09-11,[도난]국가민속문화재 제40호 홍극가묘출토복식 4점,국가민속문화재 제40호,2018년 12월~2019년 8월,4점,,조선,안동대학교 박물관
도난,[도난]보물 제260호 유희춘 미암집목판 6점,안전기준과,2020-06-16,[도난]보물 제260호 유희춘 미암집목판 6점,보물 제260호,1982년도 추정,6점,55.5cm*26.5cm,조선,전라남도 담양군 
도난,[도난]보물 제767-2호 몽산화상법어약록(언해) 1점,안전기준과,2020-03-20,[도난]보물 제767-2호 몽산화상법어약록(언해) 1점,보물 제767-2호,1993년 이전 추정,1점,,조선,
도난,[도난]경기도 성남시 이순제 묘역 석양 2점,안전기준과,2020-01-08,[도난]경기도 성남시 이순제 묘역 석양 2점,비지정문화재,1987년 11월경,2점,,조선,경기도 성남시 분
도난,[도굴]경기도 구리시 향로석 1점,안전기준과,2019-11-29,[도굴]경기도 구리시 향로석 1점,비지정,1990년 초반,1점,,조선시대로 추정,경기도 구리시 교
도난,[도난]경상남도 산청군 권도 동계문집 목판 1점,안전기준과,2019-11-12,[도난]경상남도 산청군 권도 동계문집 목판 1점,경상남도 유형문화재 제233호,2016년 9월경,1점,,조선시대,경상남도 산청군 
도난,[도굴]경상북도 경주시 경주 보문동 사지 석물 2점,안전기준과,2019-04-16,[도굴]경상북도 경주시 경주 보문동 사지 석물 2점,비지정문화재,2019년 1월,2점,,신라시대,경상북도 경주시 
도난,[도난]경상남도 고성군 옥천사 백련암 후불도 1점,안전기준과,2019-01-03,[도난]경상남도 고성군 옥천사 백련암 후불도 1점,비지정문화재,1986년 2월,1점,130cm*153cm,조선시대,경상남도 고성군 
도난,[도굴]전라남도 나주시 광암지석묘 2점,안전기준과,2019-01-03,[도굴]전라남도 나주시 광암지석묘 2점,비지정문화재,2018년 9월말~10월 사이,2점,,청동기시대,전라남도 나주시 
도난,[도난]부산광역시 해운대구 추사 김정희 글씨 2점,안전기준과,2018-12-17,[도난]부산광역시 해운대구 추사 김정희 글씨 2점,비지정문화재,2018.12.3.,2점,132.4 *31.7,조선시대,부산광역시 해운대
도난,[도난]경북 예천군 교지 20점,안전기준과,2018-11-08,[도난]경북 예천군 교지 20점,비지정문화재,2018.8.6. ~ 2018.8.7.,20점,,조선,경상북도 예천군 
도난,[도난]화각실패 1점·수예품 19점,안전기준과,2018-09-18,[도난]화각실패 1점·수예품 19점,비지정문화재,2015년 11월경,총 20점,,조선시대,서울시 종로구
도난,[도난]서울시 세종어제친필 1점·내사완문 1점·내사완문 목활자 470점,안전기준과,2018-08-30,[도난]서울시 세종어제친필 1점·내사완문 1점·내사완문 목활자 470점,비지정문화재,2017년 2월 경,총 472점,,조선시대,서울시 성동구
도난,[도난]옥천사 백련암 신중탱 1점·옥천사 나한전 인왕상 2점,안전기준과,2018-04-16,[도난]옥천사 백련암 신중탱 1점·옥천사 나한전 인왕상 2점,비지정문화재,"1987년 11월경,1988년 3월경",총 3점,신중탱(124*136)/인왕상(미상),조선후기,경남 고성군
도난,[도난]서울시 제백석판화집 1점·가우복 수묵산수화 1점·중국 인민화가 수묵채색화 1점,안전기준과,2018-04-05,[도난]서울시 제백석판화집 1점·가우복 수묵산수화 1점·중국 인민화가 수묵채색화 1점,비지정문화재,2017.8월~2018.1월 사이,총 3점,,미상,서울시 종로구
도난,[도난] 달성 상리 경주최씨 문중 재실(경목재) 소장 경목당 현판 및 숭애실기 편액,안전기준과,2018-02-05,[도난] 달성 상리 경주최씨 문중 재실(경목재) 소장 경목당 현판 및 숭애실기 편액,비지정문화재,2007.9.23.이전,4점,현판 : 120*60cm/ 편액 : 120*45cm,1955년,대구광역시 달성군
도난,"[도난]충남 천안시 고령박씨 어사박문수 유물(교지,간찰류)",안전기준과,2017-06-13,"[도난]충남 천안시 고령박씨 어사박문수 유물(교지,간찰류)",비지정문화재,2007.10.초,600여점,,조선,충남 천안시 
도난,[도난] 전북 남원시 황진가 고문서 (교지 및 완문) 2점,안전기준과,2017-01-23,[도난] 전북 남원시 황진가 고문서 (교지 및 완문) 2점,보물 제942호,1993.12.24,2점,"교지:46.5*34cm, 완문 : 50*31.5cm",조선,전북 남원시 
도난,[도난]경북 안동시 만우정 현판 1점 및 서책 등 200점,안전기준과,2017-01-02,[도난]경북 안동시 만우정 현판 1점 및 서책 등 200점,"정제종택 경상북도 기념물 제170호, 만우정 경상북도 문화재자료 제 37호",1988년 추정,"만우정 현판 1점, 서책 등 200점",,조선시대,경북 안동시 
도난,[도난]국새 29과 및 어보 47과,안전기준과,2016-12-28,[도난]국새 29과 및 어보 47과,비지정문화재,,"국새 29과, 어보 47과",,조선시대,
도난,[도난]전남 장성군 삼계면 미륵불 불두 2점,안전기준과,2016-12-12,[도난]전남 장성군 삼계면 미륵불 불두 2점,비지정문화재,2016년9월이전,2점,,조선시대,장성군 삼계면
도난,[도난]서울 코베이 소장 목판 필사 도강기[都講記]1점,안전기준과,2016-06-17,[도난]서울 코베이 소장 목판 필사 도강기[都講記]1점,비지정문화재,2016.5,1점,28*32cm,1896년대,
도난,[도난]이천시 율면 월포리[백자청화철화모란문호] 1점,안전기준과,2016-05-18,[도난]이천시 율면 월포리[백자청화철화모란문호] 1점,비지정문화재,"1997.5.21,10시~15시 사이",1점,미상,1900~1945 추정,이천시 율면 
도난,[도난]광주 북구 일곡동[만주사 문충공 연재 송병선 영정1점·소해 노종용 영정 1점]2점,안전기준과,2016-01-05,[도난]광주 북구 일곡동[만주사 문충공 연재 송병선 영정1점·소해 노종용 영정 1점]2점,비지정문화재,30년 전,2점,"가로 71 , 세로 115",조선,광주 북구 소해로
도난,[도난] 선암사 [상월당대사진영],안전기준과,2015-11-18,[도난] 선암사 [상월당대사진영],비지정문화재,도난시기 미상,1점,71.8*107.7,1742년,선암사(진영당)
도난,[도난] 가평 화악리사지 [석탑재 및 돌확],안전기준과,2015-08-19,[도난] 가평 화악리사지 [석탑재 및 돌확],비지정문화재,2013.이후,3점,[기단석1]172×51.2×36.1 / [기단석2]172×53×32.6 / [돌확]123×150×37cm,고려,경기도 가평군 
도난,[도난] 세종 금천리사지 석탑재[옥개석 등],안전기준과,2015-08-19,[도난] 세종 금천리사지 석탑재[옥개석 등],비지정문화재,2011년 이후,2점,미상,고려,세종시 금남면 
도난,[도난] 서울 관악산 자운암 [위패],안전기준과,2015-08-19,[도난] 서울 관악산 자운암 [위패],비지정문화재,2015.1.25경,1점,높이 51.5cm,조선,서울 관악구
도난,[도난] 사천군 곤양면 환덕리 고서류[강호실기]등 384점,안전기준과,2015-07-30,[도난] 사천군 곤양면 환덕리 고서류[강호실기]등 384점,비지정문화재,1993.1.27~4.2 사이,384점,미상,조선,경남 사천군 
도난,[도난]이충무공(이순신) 영정-이상범 작,안전기준과,2015-06-18,[도난]이충무공(이순신) 영정-이상범 작,비지정문화재,1969년-2009년 사이 추정,1점,,1932년,충남 아산시 
도난,[도난]이충무공(이순신) 우의정 증직교지,안전기준과,2015-06-18,[도난]이충무공(이순신) 우의정 증직교지,비지정문화재,1969년-2009년 사이,1점,,조선,충남 아산시 
도난,[도난]이충무공(이순신) 감결,안전기준과,2015-06-18,[도난]이충무공(이순신) 감결,비지정문화재,1969-2009년 사이 추정,1점,,조선,충남 아산시 
도난,[도난]이충무공(이순신) 난중일기 초고본 [을미일기],안전기준과,2015-06-18,[도난]이충무공(이순신) 난중일기 초고본 [을미일기],비지정문화재,1928년 이전 추정,1점,,조선,충남 아산시 
도난,[도난]진주 대축리 구암 이정 묘소 [향로석],안전기준과,2015-01-27,[도난]진주 대축리 구암 이정 묘소 [향로석],비지정문화재,2014.8.24-2015.1.17 사이,1점,,조선중기,경남 진주시 
도난,[도난] 나주 서산리 [장군석 1점],안전기준과,2014-12-30,[도난] 나주 서산리 [장군석 1점],비지정문화재,2014. 9. 30 ~ 11. 19 사이,1점,40 X 80cm,조선 중기,나주시 남평읍
도난,"[도난]김제 구수동[청자흑백상감국화목단충1점,대원군 묵란도1점]",안전기준과,2014-11-24,"[도난]김제 구수동[청자흑백상감국화목단충1점,대원군 묵란도1점]",비지정문화재,2014.7.28~7.31 사이,2점,20.2 x 10.2cm,"고려,조선",소유자 자택
도난,[도난]횡성 정암리 제주고씨 익장공 고형산 묘소[장명등],안전기준과,2014-10-27,[도난]횡성 정암리 제주고씨 익장공 고형산 묘소[장명등],비지정문화재,2007.11.10. 이전,1점,,조선,강원도 횡성군.읍
도난,"[도난]경주시 황남동 ""숭혜전 하마비""",안전기준과,2014-10-08,"[도난]경주시 황남동 ""숭혜전 하마비""",비지정문화재,2014. 9.18 이전,1점,,조선,경주시 황남동 4
도난,[도난]산청 사월리 배산서원 문짝 및 죽각집.만은유고 목판,안전기준과,2014-10-06,[도난]산청 사월리 배산서원 문짝 및 죽각집.만은유고 목판,경상남도 문화재자료 제51호,2000년 10-12월 사이,서원 문짝 9점/ 죽각집목판 69점/만은유고 목판 83점,,조선,경남 산청군 
도난,[도난]이충무공(이순신) 쌍룡검,안전기준과,2014-09-05,[도난]이충무공(이순신) 쌍룡검,비지정문화재,1910년 이후,2점,,조선,궁내부박물관(창덕
도난,[도난]원홍주육군상무사유품(4) 중 상무조합우사정관,안전기준과,2014-06-17,[도난]원홍주육군상무사유품(4) 중 상무조합우사정관,중요민속문화재 제30-4호,2003년 이전,1점,25*17.5cm,1900년,불명
도난,[도난]강원 정선 외재 이단하 내외분 옷 중 [다래(가채)] 1점,안전기준과,2014-06-17,[도난]강원 정선 외재 이단하 내외분 옷 중 [다래(가채)] 1점,중요민속문화재 제4호,1967. 5월경,1점,길이 103cm,조선 중기,강원도 정선 
도난,[도난]서대문구-대원군작 2폭병풍 난초화,안전기준과,2014-05-07,[도난]서대문구-대원군작 2폭병풍 난초화,비지정문화재,201310.1-10.31 사이,1점,세로 170cm,조선후기,서울 서대문구 
도난,[도굴] 나주 다시 고흥유씨 문중 묘 훼손,안전기준과,2014-04-15,[도굴] 나주 다시 고흥유씨 문중 묘 훼손,비지정문화재,2014.1월말- 4.30사이,4기,미상,조선,전남 나주시 
도난,[도난] 칠곡 백운리 백운사지 내 [백운리사지 석탑]1기,안전기준과,2014-04-15,[도난] 칠곡 백운리 백운사지 내 [백운리사지 석탑]1기,비지정문화재,2006.3-2009.1,1기,미상,통일신라말-고려전기,경북 칠곡군 
도난,[도난] 영천 공덕리[영천공덕동삼층석탑 앞 향로석]1점,안전기준과,2014-04-15,[도난] 영천 공덕리[영천공덕동삼층석탑 앞 향로석]1점,경상북도 문화재자료 제103호,2009.11.10이전,1점,미상,고려,경북 영천시 
도난,[도굴] 경주 건천 송선리[고분군],안전기준과,2014-03-21,[도굴] 경주 건천 송선리[고분군],비지정문화재,2014-03-14 이전,1기,,통일신라,경북 경주시 
도난,[도난] 아산 김옥균선생유허 내 [차일석],안전기준과,2014-01-29,[도난] 아산 김옥균선생유허 내 [차일석],비지정문화재,2014. 1.26~27 사이,1점,30cm(추정),대한제국시대,아산시 영인면 
도난,"[분실] 대구 봉산동 집문전 소장 전적류[간화결의론, 원돈성불론, 함경도지도] 3책",안전기준과,2013-11-21,"[분실] 대구 봉산동 집문전 소장 전적류[간화결의론, 원돈성불론, 함경도지도] 3책",비지정문화재,2013.10.16,3책,미정,고려,서울 지하철 7호
도난,[도난] 여수 죽림리 [죽림사지 석조비로자나불좌상],안전기준과,2013-10-22,[도난] 여수 죽림리 [죽림사지 석조비로자나불좌상],비지정문화재,2012.05.07 이후,1점,"높이 54cm,어깨 45cm,무릎너비62cm,무릎높이14cm",고려,여수시 소라면 
도난,[도난]음성 사정리 석조보살입상 1점,안전기준과,2013-10-08,[도난]음성 사정리 석조보살입상 1점,비지정문화재,2012.11월경,1점,미상,조선전기,충북 음성군.읍 
도난,[도난]산청 청현리 청곡서원 문집목판 [일신당문집 및 필첩책판],안전기준과,2013-09-09,[도난]산청 청현리 청곡서원 문집목판 [일신당문집 및 필첩책판],경상남도유형문화재 제240호,1995년 10월 전후,25점,,1855년,경남 산청군 
도난,[도난] 서울 종로 천보사 소장 도자기[분청사기면상감초화문주병]1점,안전기준과,2013-09-09,[도난] 서울 종로 천보사 소장 도자기[분청사기면상감초화문주병]1점,비지정문화재,2013.5.27,1,구경 3.5/높이 15/ 저경 4.5cm,조선,서울 종로구 
도난,"[도난] 서울 코베이 소장 고서[사마안록, 성열녀전] 2점",안전기준과,2013-09-09,"[도난] 서울 코베이 소장 고서[사마안록, 성열녀전] 2점",비지정문화재,2013.7.29,2,1. 20x29.3cm / 2. 20x33.5cm,조선,서울 종로구 
도난,[도난]영양 낙안오씨문중 고서적(국헌실기),안전기준과,2012-12-22,[도난]영양 낙안오씨문중 고서적(국헌실기),비지정문화재,1990년 초경,1점,미상,조선,영양 낙안오씨문중
도난,[도난]청주 대성동 청주향교 소장 제기류,안전기준과,2012-12-22,[도난]청주 대성동 청주향교 소장 제기류,비지정문화재,2012.10.20-10.25 사이,8종 46점,미상,근대,청주향교
도난,[도난]중요민속문화재 제44호 전 고종익선관,안전기준과,2012-12-21,[도난]중요민속문화재 제44호 전 고종익선관,국가지정문화재,2007. 3월 이전,1점,"높이 18cm, 지름 17cm",19c 후반~20c 초,세종대학교
도난,[도난] 울산 신흥사 부근 석조문화재[우이당 대사 부도] 1점,안전기준과,2012-11-25,[도난] 울산 신흥사 부근 석조문화재[우이당 대사 부도] 1점,비지정문화재,2010년 여름 이전,1점,미상,조선,울산 북구 대안동
도난,[도난] 서울 도봉 밀양박씨문중 '한성판윤 박신묘' 묘 석조문화재[문인석 상석 비석 망부석] 6점,안전기준과,2012-09-18,[도난] 서울 도봉 밀양박씨문중 '한성판윤 박신묘' 묘 석조문화재[문인석 상석 비석 망부석] 6점,비지정문화재,2011.9월-2011.9.9사이,6점,미상,조선(숙종,서울 도봉구 도봉
도난,"[도난] 공주 하대리 백공선원 소장[독성도, 산신탱화, 나한좌상] 3점",안전기준과,2012-09-17,"[도난] 공주 하대리 백공선원 소장[독성도, 산신탱화, 나한좌상] 3점",비지정문화재,2012.8.30(독성도 등) / 2010.8월(나한좌상),3점,첨부자료 참조,조선,충남 공주시 계룡
도난,[외국문화재] 일본 코치현 혜일사 소장 불상[목조여래좌상] 1점,안전기준과,2012-11-16,[외국문화재] 일본 코치현 혜일사 소장 불상[목조여래좌상] 1점,비지정(일본),2012.3.12-3.13사이,1점,높이 53cm,미상,일본 코치현 코난
도난,[도난] 국가(문화재청) 소유 고문서[훈민정음해례본] 1책,안전기준과,2012-09-18,[도난] 국가(문화재청) 소유 고문서[훈민정음해례본] 1책,비지정문화재,2008. 7. 26,1책,첨부자료 참조,1445년 (세종28년),경북 상주시 복룡
도난,[도난] 서울 성동 일련정종 소장 불화류[일연엽 만다라] 1점,안전기준과,2012-05-02,[도난] 서울 성동 일련정종 소장 불화류[일연엽 만다라] 1점,비지정문화재,2012. 4. 22,1점,"약 가로 55cm, 세로 87cm",미상,서울 성동구 용답
도난,[도난] 청양향교 석전제 축문 및 홀기 등 도난 4점,안전기준과,2012-04-17,[도난] 청양향교 석전제 축문 및 홀기 등 도난 4점,비지정문화재,"2009,9월 이전",4점,홀기(병풍식),조선,충남 청양군 청양
도난,"[도난] 청송 상평리 서점댁 석간종택 소장[호송도 민화, 고서, 간찰 등] 15점",안전기준과,2012-04-06,"[도난] 청송 상평리 서점댁 석간종택 소장[호송도 민화, 고서, 간찰 등] 15점",비지정문화재,2012. 3. 27,15점,미상,조선,경북 청송군 부동
도난,"[도난] 화순 쌍옥리 경주김씨 백촌공파 쌍옥문중 소장[흉배, 공신녹권 등] 3점",안전기준과,2012-04-06,"[도난] 화순 쌍옥리 경주김씨 백촌공파 쌍옥문중 소장[흉배, 공신녹권 등] 3점",비지정문화재,2010. 11. 4경,3점,첨부파일 참조,조선,전남 나주시 중앙
도난,[도난] 청도 소천리 파주염씨문중 사당(구연사)내 [염제신 초상화] 1점,안전기준과,2012-04-09,[도난] 청도 소천리 파주염씨문중 사당(구연사)내 [염제신 초상화] 1점,비지정문화재,2010. 5월 - 2011.2월사이,1점,미상,조선,경북 청도군 금천
도난,[도난] 합천 하신리 완산전씨문중 소장 고문서류[탁계문집 등] 44건,안전기준과,2012-04-06,[도난] 합천 하신리 완산전씨문중 소장 고문서류[탁계문집 등] 44건,비지정문화재,1990. 5. 23경,44건,미상,조선,경남 합천군 쌍책
도난,[도난] 영덕 괴시리 영양남씨 괴시파 종택 소장 고서류[구경연의]등 531점,안전기준과,2012-04-06,[도난] 영덕 괴시리 영양남씨 괴시파 종택 소장 고서류[구경연의]등 531점,비지정문화재,1990.6월이전,531점,미상,조선,경북 영덕군 영해
도난,[도난] 광양 중흥사 소장 석조문화재[석조좌불상]1점,안전기준과,2011-12-22,[도난] 광양 중흥사 소장 석조문화재[석조좌불상]1점,비지정문화재,2011. 12. 18-12.19 사이,1점,"높이 47cm, 무릎폭 33cm",조선,전남 광양시 옥룡
도난,[도난] 천안 봉양리 원주김씨두암공파 묘 석조문화재[장군석] 4점,안전기준과,2011-12-22,[도난] 천안 봉양리 원주김씨두암공파 묘 석조문화재[장군석] 4점,비지정문화재,2006.10.6-11.26사이,4좀,미상,조선,충남 천안시 성남
도난,[도난] 안중근의사 유묵-치악의악식자부족여의 1점,안전기준과,2011-11-01,[도난] 안중근의사 유묵-치악의악식자부족여의 1점,보물 제569-4호,미정(1976.3.17 청와대로 소유자 변경),1점,"가로 31cm, 세로 130,5cm",대한제국시대(1910.3월 여순감옥),서울 종로구 세종
도난,"[외국문화재] 인터폴(INTERPOL} 수배 도난문화재[회화류, 조각품, 바이올린, 미아라 등] 6점",안전기준과,2011-08-18,"[외국문화재] 인터폴(INTERPOL} 수배 도난문화재[회화류, 조각품, 바이올린, 미아라 등] 6점",비지정문화재(외국문화재),2010.11월 - 2011. 2월,6점,붙임 자료 참조,지료없음,
도난,"[도난]봉화 거촌리 김씨종가 쌍벽당 재실 내[감실, 제상]3점",안전기준과,2011-08-09,"[도난]봉화 거촌리 김씨종가 쌍벽당 재실 내[감실, 제상]3점",비지정문화재,2011. 7. 9-7.10사이,3점,"[감실] 앞폭 57cm, 옆폭 39cm",조선,경북 봉화군 봉화
도난,[도난] 논산 병사리 충헌공 윤전 재실 부속품[문짝] 6점,안전기준과,2011-05-17,[도난] 논산 병사리 충헌공 윤전 재실 부속품[문짝] 6점,비지정문화재,2011.5.8이전,6점,미상,조선,충남 논산시 부적
도난,"[도난] 산청 철수리 '효산사원' 소장 고서[가락선원세계 등] 3,316점",안전기준과,2011-04-19,"[도난] 산청 철수리 '효산사원' 소장 고서[가락선원세계 등] 3,316점",비지정문화재,2003.5.10-6.30사이,"3,316",미상,조선,경남 산청군 차황
도난,[도난] 공주 단지리 동복오씨 묵재공파 문중 소장 회화류[오백령 영정] 1점,안전기준과,2011-02-25,[도난] 공주 단지리 동복오씨 묵재공파 문중 소장 회화류[오백령 영정] 1점,비지정문화재,1985. 4월중,1점,174.3cmX101.4cm,1613년,충남 공주군 우성
도난,"[도난] 성남 분당 유중택 소장[목가구, 민속품, 회하류, 도자기 등] 151점",안전기준과,2011-02-25,"[도난] 성남 분당 유중택 소장[목가구, 민속품, 회하류, 도자기 등] 151점",비지정문화재,2010.8.22-23,151점,미상,조선,경기 성남 분당구
도난,"[도난] 강릉 초당동 권오철 가 소장[고서, 함지, 반상 등] 10점",안전기준과,2011-01-28,"[도난] 강릉 초당동 권오철 가 소장[고서, 함지, 반상 등] 10점",비지정문화재,2002. 8. 31 경,10점,미상,조선,강원 강릉시 초당
도난,[도난] 합천 구정리 합천향교 소장[논어언해 등 고서] 151점,안전기준과,2011-03-02,[도난] 합천 구정리 합천향교 소장[논어언해 등 고서] 151점,비지정문화재,2007. 10. 07,151점,미상,조선,경남 합천군 아료
도난,"[도난] 영암 봉소리 강세중 가 소장[교지, 항로, 토기, 고서 등] 16점",안전기준과,2011-01-28,"[도난] 영암 봉소리 강세중 가 소장[교지, 항로, 토기, 고서 등] 16점",비지정문화재,2006.. 1. 20 이전,16점,미상,조선,전남 영암군 시종
도난,[도난] 정읍 상평동 향지촌 지산재 소장[사자소학 등 고서] 113점,안전기준과,2011-01-28,[도난] 정읍 상평동 향지촌 지산재 소장[사자소학 등 고서] 113점,비지정문화재,2005. 8. 10 이전,113,미상,조선,전북 정읍시 상평
도난,[도난] 영천 화산리 경주이씨 화계정 소장 [태극집설 등 고서] 60점,안전기준과,2011-01-28,[도난] 영천 화산리 경주이씨 화계정 소장 [태극집설 등 고서] 60점,비지정문화재,2001.1..1 이전,60점,미정,조선,경북 영천시 화산
도난,[도난] 합천 유전리 신천서당 소장[양병심감 등 고서] 536점,안전기준과,2011-03-02,[도난] 합천 유전리 신천서당 소장[양병심감 등 고서] 536점,비지정문화재,2008.2월이전,635점,미상,조선,경남 합천군 대병
도난,[도난] 창녕 도천리 영산신씨문중 소장 회화류[신초 영정] 1점,안전기준과,2011-01-17,[도난] 창녕 도천리 영산신씨문중 소장 회화류[신초 영정] 1점,경상남도 문화재자료 제25호,2004.11.19-2005.2.7사이,1점,60cm x 90cm 내외 정도,조선(1637),경남 창녕군 도천
도난,[도난] 경주 구길리 육신당(류진희 가) 소장 [성재문집 등 고서] 235점,안전기준과,2011-01-24,[도난] 경주 구길리 육신당(류진희 가) 소장 [성재문집 등 고서] 235점,비지정문화재,1998. 4. 4,235점,미상,조선,경북 경주시 양북
도난,[도난] 포항 가안리 달성서씨 운은정 소장 고문서[행동명적 등] 400점,안전기준과,2011-01-14,[도난] 포항 가안리 달성서씨 운은정 소장 고문서[행동명적 등] 400점,비지정문화재,2010.7.12 / 8.13 / 9.13(3회),400점,미상,조선,경북 포항시 기계
도난,[도난] 봉화 거촌리 김씨종가 쌍벽당 소장 고문서[갈암집 등] 405점,안전기준과,2012-11-16,[도난] 봉화 거촌리 김씨종가 쌍벽당 소장 고문서[갈암집 등] 405점,비지정문화재,2000.6.18 이전 / 2003.6.28 이전,405점,미상,조선,경북 봉화군 봉화
도난,[도난] 경주 신평리 파평윤씨 영호재 소장 전적류[족보 가승 등 고서] 72점,안전기준과,2011-08-09,[도난] 경주 신평리 파평윤씨 영호재 소장 전적류[족보 가승 등 고서] 72점,비지정문화재,2001.9.11 이전,72점,미상,조선,경북 경주시 건천
도난,[도난] 고령 봉평리 연봉추원재 소장 고문서[대학 등] 516점,안전기준과,2011-01-12,[도난] 고령 봉평리 연봉추원재 소장 고문서[대학 등] 516점,비지정문화재,1991년 겨울철,516점,미상,조선,경남 고령군 운수
도난,[도난] 안동 오천리 광산김씨 종택 탁청정 소장 고문서[가산세고 등 고서] 481점,안전기준과,2011-01-12,[도난] 안동 오천리 광산김씨 종택 탁청정 소장 고문서[가산세고 등 고서] 481점,비지정문화재,2002. 9. 1 이전,481점,미상,조선,경북 안동시 와룡
도난,[도난] 청양 장승리 함평이씨 찬성공파 소장 전적류[족보 및 시전 등 고서 등],안전기준과,2011-01-12,[도난] 청양 장승리 함평이씨 찬성공파 소장 전적류[족보 및 시전 등 고서 등],비지정문화재,2004. 12. 10,7점이상,미상,조선,충남 청양군 청양
도난,[도난] 괴산 노송리 장사덕 가 소장 전적류[고지도 및 고서 등] 27점,안전기준과,2011-01-12,[도난] 괴산 노송리 장사덕 가 소장 전적류[고지도 및 고서 등] 27점,비지정문화재,2003. 2. 7 이전,27점,미상,조선,충북 괴산군 사리
도난,[도난] 밀양 고법리 김규선 가 소장 고문서[청도김씨 교지 등 고서] 45점,안전기준과,2011-08-09,[도난] 밀양 고법리 김규선 가 소장 고문서[청도김씨 교지 등 고서] 45점,비지정문화재,2006.11.2 이전,45점,미상,조선,경남 밀양시 청도
도난,[도난] 경주 망성리 현효식 가 소장 고문서[덕산실기 등 고서] 347점,안전기준과,2011-01-12,[도난] 경주 망성리 현효식 가 소장 고문서[덕산실기 등 고서] 347점,비지정문화재,2003.7.15 이전,347점,미상,조선,경북 경주시 내남
도난,"[도난] 울주 석천리 석계서원 소장 고문서 등[고서, 목판, 현판 등] 776점",안전기준과,2011-01-12,"[도난] 울주 석천리 석계서원 소장 고문서 등[고서, 목판, 현판 등] 776점",비지정문화재,1997.9.9-1988.4.21사이,776점,미상,조선,울산 울주군 웅천
도난,[도난] 정읍 신중리 경주이씨 재실(격사재) 소장 고문서[경주이씨 족보 등] 84점,안전기준과,2011-01-12,[도난] 정읍 신중리 경주이씨 재실(격사재) 소장 고문서[경주이씨 족보 등] 84점,비지정문화재,2004.1.19전후,84점,미상,조선,전북 정읍시 고부
도난,[도난] 영암 금강리 제주양씨 문중 소장[제주양씨파보 및 족보] 26점,안전기준과,2011-01-12,[도난] 영암 금강리 제주양씨 문중 소장[제주양씨파보 및 족보] 26점,비지정문화재,2005.11.16이전,26점,미상,조선,전남 영암군 금강
도난,[도난] 성주 고산리 숭양정사 소장 [가례증해 등 고서] 72점,안전기준과,2011-01-12,[도난] 성주 고산리 숭양정사 소장 [가례증해 등 고서] 72점,비지정문화재,2003.12.6 이전,72책,미상,조선,경북 성주군 초전
도난,[도난] 경산 원단리 용계서원 소장 [번암집 등 고서] 362점,안전기준과,2011-01-12,[도난] 경산 원단리 용계서원 소장 [번암집 등 고서] 362점,비지장문화재,2001년 경,362책,미상,조선,경북 경산시 자인
도난,[도난] 기장 웅천리 동래정씨 재실(상현당) 소장 [충렬사지 등 고서] 138점,안전기준과,2011-01-12,[도난] 기장 웅천리 동래정씨 재실(상현당) 소장 [충렬사지 등 고서] 138점,비지정문화재,2001.3.3 이전,138점,미상,조선,부산 기장군 철마
도난,[도난] 담양 용추사 석탑「부도」,안전기준과,2011-01-12,[도난] 담양 용추사 석탑「부도」,전라남도 유형문화재 138호,1988.1월초,4기,제일 큰 것 높이 214,용추사,전남 담양군 용면
도난,[외국문화재 도난 - 페루] 페루 Tacna지방 소재 National Raliway Museum 소장문화재,안전기준과,2010-06-14,[외국문화재 도난 - 페루] 페루 Tacna지방 소재 National Raliway Museum 소장문화재,외국문화재,2010.4.26 접수,7점,미상,미상, 페루 Tacna
도난,[외국문화재도난-페루] 페루 'San Roque' 교회 소장 문화재,안전기준과,2010-06-04,[외국문화재도난-페루] 페루 'San Roque' 교회 소장 문화재,외국문화재,2010.5.4접수,4점,첨부파일 참조,첨부파일 참조,
도난,[외국문화재 도난-일본] 오사카 Konyo ji사원 불상,안전기준과,2011-06-27,[외국문화재 도난-일본] 오사카 Konyo ji사원 불상,외국문화재,2010.3.20-21사이,1점,높이 117cm,,312 Noma 
도난,"[도난] 나주 대신리 전의이씨 재각(여재각) 현판류[현판, 편액, 주련 등]",안전기준과,2011-01-12,"[도난] 나주 대신리 전의이씨 재각(여재각) 현판류[현판, 편액, 주련 등]",비지정문화재,2006.11월경,11점,첨부파일 참조,근대(1930년대),전남 나주시 세지
도난,"[도난] 군위 노행리 불천위 사당 소장 제기류[향로, 항아리 등] 18점",안전기준과,2011-01-12,"[도난] 군위 노행리 불천위 사당 소장 제기류[향로, 항아리 등] 18점",비지정문화재,2010.3월-4월사이,18점,미상,조선,경북 군위군 효령
도난,[도굴] 밀양 봉황리 [선략장군 손유호 묘],안전기준과,2010-05-28,[도굴] 밀양 봉황리 [선략장군 손유호 묘],경남 기념물 제237호,2009.9월이전,1기,,조선초,경남 밀양시 초동
도난,[도굴] 남양주시 시우리 [유량선생묘 및 부인묘],안전기준과,2010-05-28,[도굴] 남양주시 시우리 [유량선생묘 및 부인묘],경기도기념물 제78호,2010.5.4이전,2기,"높이 160, 가로 330, 세로 530cm",조선,경기도 남양주시 
도난,[도굴] 영광 운당리[영당고분2] 도굴,안전기준과,2010-05-19,[도굴] 영광 운당리[영당고분2] 도굴,비지정문화재,2009.가을쯤(10월-11월),1기,,삼국시대,전남 영광군 묘량
도난,[외국문화재 도난- 폐루] 페루 San Roque 교회 소장문화재,안전기준과,2010-05-28,[외국문화재 도난- 폐루] 페루 San Roque 교회 소장문화재,페루 문화재,2010.5.4,4점,붙임자료 참조,첨부자료 참조,페루  리마 Sa
도난,[외국문화재 도난-폐루] 페루 리마교회 소장 문화재,안전기준과,2010-05-18,[외국문화재 도난-폐루] 페루 리마교회 소장 문화재,페루문화재,2010.4.22,13점,붙임자료 참조,붙임자료 참조,페루 리마 HGu
도난,[외국문화재 도난-페루] 페루 라마교회 소장문화재,안전기준과,2010-05-19,[외국문화재 도난-페루] 페루 라마교회 소장문화재,페루문화재,2010.3.17,38점,붙임자료 참조,붙임자료 참조,페루 리마의 Hu
도난,"[도난] 안성 장진오 소장문화재[용충, 토기병 등]",안전기준과,2011-01-12,"[도난] 안성 장진오 소장문화재[용충, 토기병 등]",비지정문화재,2010.4.11-4.13,13점,붙임자료 참조,신라-조선,경기도 안성시 양
도난,"[도난] 청도 방지리 이영가 가 소장[퇴계문집 등 고서, 현판(석정, 신수정), 고가구(정식장)]",안전기준과,2011-01-12,"[도난] 청도 방지리 이영가 가 소장[퇴계문집 등 고서, 현판(석정, 신수정), 고가구(정식장)]",비지정문화재,2006.5.26/2008.7.16,340점,비상,조선,경북 청도군 운문
도난,[도난] 거창 대초리 선산김씨 재실 취수정 소장[전서필 등 고서],안전기준과,2011-08-09,[도난] 거창 대초리 선산김씨 재실 취수정 소장[전서필 등 고서],비지정문화재,1998.9.30,227책,미정,조선,경남 거창군 가조
도난,[도난] 대구 사복동 [현령이후헌소애민선정비],안전기준과,2011-01-12,[도난] 대구 사복동 [현령이후헌소애민선정비],비지정문화재,2009.9월 전후,1점,"높이 92, 너비 31, 두께 4cm","조선(고종 8년, 1871.2월)",대구 동구 사복동
도난,[도난] 상주 만산동 성황사 내 목조각품[남매신상] 2점,안전기준과,2011-08-09,[도난] 상주 만산동 성황사 내 목조각품[남매신상] 2점,비지정문화재,2009.11.22,2점,"높이 남 150cm, 여 120cm",조선,경북 상주시 만산
도난,[도난] 정읍 옥산서원 내 영정[인일정 김성은 영정],안전기준과,2011-08-09,[도난] 정읍 옥산서원 내 영정[인일정 김성은 영정],비지정문화재,2009.10.26,1,"가로 60, 세로 88",1830년,전북 정읍시 소성
도난,[도난] 문경 봉서리 봉서사지 [석불좌상],안전기준과,2011-08-09,[도난] 문경 봉서리 봉서사지 [석불좌상],비지정문화재,2003-2004년사이,2점,미상,통일신라,경북 문경시 호계
도난,[도난] 함양 황산리 '동호정 목조조각품[화반],안전기준과,2011-08-09,[도난] 함양 황산리 '동호정 목조조각품[화반],경상남도 문화재자료 제381호,2009.8월초 이전,2점,가로 44cm / 세로 47cm,1895년,경남 함양군 서하
도난,[도난] 청양 적곡리 도림사지 석등재[연화대좌],안전기준과,2011-08-09,[도난] 청양 적곡리 도림사지 석등재[연화대좌],비지정문화재,2008.2.12-2009.6.28사이,1점,긴변길이 47cm/두께 22cm,고려시대,충남 청양군 장평
도난,[도난] 파주 청원군 묘의 석조물 [문인석],안전기준과,2011-08-09,[도난] 파주 청원군 묘의 석조물 [문인석],비지정문화재,1998.6.1-7.30 사이,6점,180㎝ 내외,1500~1600,경기도 파주시 교
도난,[도난] 경주 양동마을 서백당(손성훈 가)소장 [고서적],안전기준과,2011-08-09,[도난] 경주 양동마을 서백당(손성훈 가)소장 [고서적],비지정문화재,2009.5.29 / 2009.8.8,167점,미상,조선,경북 경주시 강동
도난,[도난] 합천 함방리 '춘우정' 목조부속품[문짝},안전기준과,2011-08-09,[도난] 합천 함방리 '춘우정' 목조부속품[문짝},경남 문화재자료 제362호,2009.7.4이전,6점,첨부파일 참조,1911년,경남 합천군 가회
도난,[도난] 상주 용호리 삼층석탑 [노반석],안전기준과,2011-08-09,[도난] 상주 용호리 삼층석탑 [노반석],비지정문화재,2009.7.24(금),1점,높이 24cm / 폭 28cm,조선중기,경북 상주시 모동
도난,[도난] 통영 안정사 목조문화재[목동자상] 2점,안전기준과,2011-08-09,[도난] 통영 안정사 목조문화재[목동자상] 2점,비지정문화재,2009.7.5-7.6,2점,"(1) 높이 53.5cm, 어깨폭 18.3cm / (2) 높이 52.4cm, 어깨폭 17cm",조선후기,경남 통영시 광도
도난,[도난] 달성 하산리 영천 '달성 하목정' 부속문화재[판문 문짝],안전기준과,2011-08-09,[도난] 달성 하산리 영천 '달성 하목정' 부속문화재[판문 문짝],대구 유형문화재 제36호,2009.6.27이전,2점,"가록 80cm, 세로120cm, 두께2cm",1604년(선조37년),대구광역시 달성군
도난,[도난] 영천 황강리 '경주김씨 지사공 종택' 소장 석조문화재[양두 돌거북 및 돌계단] 2점,안전기준과,2011-08-09,[도난] 영천 황강리 '경주김씨 지사공 종택' 소장 석조문화재[양두 돌거북 및 돌계단] 2점,경북 문화재자료 제373호,2009.6.24,2점,길이 약 80cm 내외,19세기 초,경북 영천시 임고
도난,[도난] 여주 상교리 원종대사혜진탑 상륜부 [보륜·보주],안전기준과,2011-08-09,[도난] 여주 상교리 원종대사혜진탑 상륜부 [보륜·보주],보물 제7호,1985.2.1,1점,,고려시대,경기 여주군 북내
도난,[도난] 서귀포 수산리 제주고씨 효열정려비 머릿돌[비수(비개석)],안전기준과,2011-08-09,[도난] 서귀포 수산리 제주고씨 효열정려비 머릿돌[비수(비개석)],비지정문화재,2008.9월-2009.6.7,1점,"비석 높이 80cm, 폭 29cm",조선순조23년(1823년),제주 서귀포시 성
도난,[도난] 화성 문화류씨 류정익장군 묘의 석조물 [장군석],안전기준과,2011-08-09,[도난] 화성 문화류씨 류정익장군 묘의 석조물 [장군석],비지정문화재,1998.7 ~ 8월 경,2점,높이 190 내외,1400년대,경기도 화성시 팔
도난,[도난] 합천 강진안씨 도사공 묘의 석조물 [동자석],안전기준과,2011-08-09,[도난] 합천 강진안씨 도사공 묘의 석조물 [동자석],비지정문화재,2003.11.9 ~ 2004.9.15,4점,높이 150 정도,조선초기,경남 합천군 쌍북
도난,[도난] 함양 남원양씨 구졸암 묘의 석조물 [동자석 향로석 초대석],안전기준과,2011-08-09,[도난] 함양 남원양씨 구졸암 묘의 석조물 [동자석 향로석 초대석],비지정문화재,2001.12.15,4점,미상,조선 선조,경남 함양군 지곡
도난,[도난] 파주 교하노씨 노공필 묘의 석조물 [문인석],안전기준과,2011-08-09,[도난] 파주 교하노씨 노공필 묘의 석조물 [문인석],비지정문화재,2001.4.19 이전,2점,높이 : 160 내외,1500년대,경기도 파주시 파
도난,[도난] 청원 유승서 선생 묘의 석조물 [문인석],안전기준과,2011-08-09,[도난] 청원 유승서 선생 묘의 석조물 [문인석],비지정문화재,1996.5.12,2점,230(기단포함),조선 성종,충북 청원군 옥산
도난,[도난] 청원 유소선생 묘의 석조물 [문인석] ,안전기준과,2011-08-09,[도난] 청원 유소선생 묘의 석조물 [문인석] ,비지정문화재,1998.9.2,4점,양석길이 : 120/ 홀기대높이 : 90 / 장명등높이 : 150,조선 선조,충북 청원군 오창
도난,[도난] 울진 직산리 석조물 [삼층석탑],안전기준과,2011-08-09,[도난] 울진 직산리 석조물 [삼층석탑],비지정문화재,1975,1점,높이 : 205,고려중기,경북 울진군 청해
도난,[도난] 울진 배잠사지 석조물 [삼층석탑],안전기준과,2011-08-09,[도난] 울진 배잠사지 석조물 [삼층석탑],비지정문화재,1980년 후반,1점,높이 : 96.5,고려중기,경북 울진군 근남
도난,[도난] 용인 청주이씨 정숙공 묘의 석조물 [장명등],안전기준과,2011-08-09,[도난] 용인 청주이씨 정숙공 묘의 석조물 [장명등],비지정문화재,2003.12월 경,1점,높이 130-150 정도,조선 초기,경기도 용인시 호
도난,[도난] 영천 영양군 묘의 석조물 [양석],안전기준과,2011-08-09,[도난] 영천 영양군 묘의 석조물 [양석],비지정문화재,2003.12.28,2점,높이 : 60 / 길이 : 110,조선,경북 영천군 오미
도난,[도난] 영광 학정리 밀양박씨 묘의 석조물 [동자석] 2점,안전기준과,2011-01-12,[도난] 영광 학정리 밀양박씨 묘의 석조물 [동자석] 2점,비지정문화재,2003.3~4월 경,2점,높이 120 내외,1700년대,전남 영광군 영광
도난,[도난] 연천 함평이씨 판서공 묘의 석조물 [동자석],안전기준과,2011-08-09,[도난] 연천 함평이씨 판서공 묘의 석조물 [동자석],비지정문화재,2003 (월일미상),2점,높이 130 ~ 150 정도,조선,경기도 연천군 마
도난,[도난] 양양 명주사 성월당 · 보월당 [부도 및 받침대],안전기준과,2011-08-09,[도난] 양양 명주사 성월당 · 보월당 [부도 및 받침대],비지정문화재,2004.11.6,3점,성월당 높이117/ 보월당 높이172,조선,
도난,[도난] 안성 해주오씨 오숙 묘의 석조물 [무인석],안전기준과,2011-08-09,[도난] 안성 해주오씨 오숙 묘의 석조물 [무인석],비지정문화재,1996년 경,2점,미상,1700년대,경기도 안성시 양
도난,[도난] 안성 오세훈 조상묘의 석조물 [장군석],안전기준과,2011-08-09,[도난] 안성 오세훈 조상묘의 석조물 [장군석],비지정문화재,2001.3~4월 경,1점,미상,조선,경기 안성시 양성
도난,[도난] 성남 · 광주 덕수이씨 묘의 「양석 · 향로석」,안전기준과,2011-08-09,[도난] 성남 · 광주 덕수이씨 묘의 「양석 · 향로석」,비지정문화재,1997.3.20 / 2004.4월 경,각 3점 총 6점,양석 길이 : 110~120/ 높이 : 50,조선정조/조선영조,경기도 광주시 오
도난,[도난] 상주 의령남씨 묘의 석조물 [문인석],안전기준과,2011-08-09,[도난] 상주 의령남씨 묘의 석조물 [문인석],비지정문화재,2005.4월 경,1점,높이 150,1700 년대,경북 상주시 외서
도난,[도난] 제주 용당리 비석[사상백공낙연선정비],안전기준과,2011-08-09,[도난] 제주 용당리 비석[사상백공낙연선정비],비지정문화재,2002.12-2004-12사이추정,1점,높이 90cm / 너비 29cm / 단면부 부분두께 3cm,조선(고종 18년 1881년),제주도 제주시 현
도난,[도난] 고양 행주산성 내 소장 회화류 [권율장군 영정],안전기준과,2011-08-09,[도난] 고양 행주산성 내 소장 회화류 [권율장군 영정],비지정문화재,1998.2.11,1점,"가로 105㎝, 세로 182㎝",1970년,경기도 고양시 덕
도난,[도난] 영양 가천리 가청정 내 [향나무],안전기준과,2011-08-09,[도난] 영양 가천리 가청정 내 [향나무],비지정문화재,2009.2.13-2.14사이,1그루,수령150년정도,조선,경북 영양군 일월
도난,[도난] 문경 김용사 불망비(不忘碑) 기단석[귀부(龜趺)] 1점,안전기준과,2011-08-09,[도난] 문경 김용사 불망비(不忘碑) 기단석[귀부(龜趺)] 1점,비지정문화재,2008.10.5경,1,첨부파일 참조,조선,경북 문경시 산북
도난,[도난] 경주 남산일원 창림사지내 [석탑재],안전기준과,2011-08-09,[도난] 경주 남산일원 창림사지내 [석탑재],사적 제311호,2008.1.1-12.19사이,2점,"사진상의 노출된 부분의 길이 74cm정도, 두께 50cm정도",신라,경북 경주시 배동
도난,"[도난] 봉화 소천리 창애정 내 [문짝, 마루짝]",안전기준과,2011-08-09,"[도난] 봉화 소천리 창애정 내 [문짝, 마루짝]",경북문화재자료 제237호,2008.10.29이전,"문짝(9짝), 마루짝(4칸)",첨부파일 참조,조선,경북 봉화군 법전
도난,[도난] 안성 봉산리 밀양박씨 청량공파 박억령 묘 내 석조문화재 [장군석],안전기준과,2011-08-09,[도난] 안성 봉산리 밀양박씨 청량공파 박억령 묘 내 석조문화재 [장군석],비지정문화재,2008.9월초 이전,2점,"높이 250cm, 둘레 250cm, 무게 1.5 t 정도 추정",조선(450년 전),경기도 안성시 고
도난,[도난] 대전 중구 단재신채호선생생가지 전시품[옹기4종양념통.경상 등],안전기준과,2011-08-09,[도난] 대전 중구 단재신채호선생생가지 전시품[옹기4종양념통.경상 등],비지정문화재,2008.6.23,6점,미상,조선,대전 중구 어남동
도난,[도난] 강릉 상임경당 내 서화류[8폭병풍. 서체액자 등],안전기준과,2011-08-09,[도난] 강릉 상임경당 내 서화류[8폭병풍. 서체액자 등],비지정문화재,2008.6.14,3점,미상,조선,강원도 강릉시 성
도난,[도난] 속초 김종학(화가) 소장품[백자항아리. 제기. 추사유묵. 청자접시. 불상. 그림 등]9점,안전기준과,2011-08-24,[도난] 속초 김종학(화가) 소장품[백자항아리. 제기. 추사유묵. 청자접시. 불상. 그림 등]9점,비지정문화재,2008.5.24,9점,첨부파일 참조,조선,강원도 속초시 설
도난,[도난] 장성 내계리 송흠 묘의 석조물[장명등],안전기준과,2011-08-24,[도난] 장성 내계리 송흠 묘의 석조물[장명등],비지정문화재,2008.1월초,1점,"높이 250cm, 폭 70cm",조선시대,전남 장성군 상계
도난,"[도난] 나주 영평리 설재서원 소장 고문서 [왕지, 유서, 교지, 녹패 등] 13점",안전기준과,2011-08-24,"[도난] 나주 영평리 설재서원 소장 고문서 [왕지, 유서, 교지, 녹패 등] 13점",비지정문화재,2008.3.4-4.2,13점,미상,조선,전남 나주시 노안
도난,[도난] 영월 흥월리 흥교사지 석조물 [석종형 부도],안전기준과,2011-08-24,[도난] 영월 흥월리 흥교사지 석조물 [석종형 부도],비지정문화재,2007.1월이전,1점,"둘레 70cm, 높이 80cm, 구멍깊이 15cm 정도",조선,강원도 영월군 영
도난,"[도난] 상주 구잠리 배익기 소장 고문서[동유록, 표문, 김도빈서문 등] 5점",안전기준과,2012-03-02,"[도난] 상주 구잠리 배익기 소장 고문서[동유록, 표문, 김도빈서문 등] 5점",비지정문화재,2008.3.9.20:10경,5,"동유록 : 가로 1000cm, 세로 30cm",조선,경북 상주시 상주
도난,[도난] 남양주 차산리 이순지선생 묘비석[머릿돌(연봉)],안전기준과,2011-08-24,[도난] 남양주 차산리 이순지선생 묘비석[머릿돌(연봉)],경기도 문화재자료 제54호,2008.2월-3.16사이,2점,지름 15cm 정도,조선,경기도 남양주시 
도난,[도난] 창녕 부곡리 이호겸 묘의 묘비석[귀부],안전기준과,2011-08-24,[도난] 창녕 부곡리 이호겸 묘의 묘비석[귀부],비지정문화재,2008.3.4-3.5,1점,"높이 40cm, 길이 60cm정도",조선,경남 창녕군 유어
도난,[도난] 영덕 도곡동 충효당 내 현판[충효당],안전기준과,2011-08-24,[도난] 영덕 도곡동 충효당 내 현판[충효당],비지정문화재,2006.2.20 이전,1점,"가로 120cm, 세로 80cm",조선,경북 영덕군 축산
도난,[도난] 양평 한음이덕형선생묘의 석조물 [동자석 두상],안전기준과,2011-08-24,[도난] 양평 한음이덕형선생묘의 석조물 [동자석 두상],경기도기념물 제89호,2008.2.28이전,2점,두상지름 약30cm정도,조선,경기도 양평군 양
도난,[도난] 보은 수문리 구수복 묘의 석조물 [문인석],안전기준과,2011-08-24,[도난] 보은 수문리 구수복 묘의 석조물 [문인석],비지정문화재,2008.1.27-2.7사이,2점,높이 200cm(지상부분)정도,조선,충북 보은군 마로
도난,[도난] 보은 선병국 가옥내 현판[무량수각],안전기준과,2011-08-24,[도난] 보은 선병국 가옥내 현판[무량수각],비지정문화재,2008.2.13-2.14,1점,"가로 200cm, 세로 70cm",1950년대,충북 보은군 장안
도난,[도난] 고성 석마리 위계서원 문짝[교창],안전기준과,2011-08-24,[도난] 고성 석마리 위계서원 문짝[교창],비지정문화재,2008.1.21-1.24사이,6점,길이 215cm*높이30cm,조선,경남 고성군 마암
도난,[도난] 문경 대하리 장수황씨종택 사랑채 현판[정우정],안전기준과,2011-08-24,[도난] 문경 대하리 장수황씨종택 사랑채 현판[정우정],비지정문화재,2008.1.5,1점,"가로110cm, 세로 50cm정도",조선,경북 문경시 산북
도난,[도난] 경주 안강 독락당 전적류[통문.시권.상서 등],안전기준과,2011-08-09,[도난] 경주 안강 독락당 전적류[통문.시권.상서 등],비지정문화재,2008.1.4,28점,첨부파일 참조,조선,경북 경주시 안강
도난,[도난] 문경 율곡리 홍언방 묘의 석조물[문인석],안전기준과,2011-08-24,[도난] 문경 율곡리 홍언방 묘의 석조물[문인석],비지정문화재,2007.11.30-12.4,2점(1쌍),높이 150cm(지상부분),조선,경북 문경시 영순
도난,[도난] 의성 장춘리 석조물 [사층석탑],안전기준과,2011-08-24,[도난] 의성 장춘리 석조물 [사층석탑],비지정문화재,2007.12.10,1기,"높이 100cm, 기단 폭 30cm 정도",고려시대,경북 의성군 비안
도난,[도난] 상주 목가리 석조물 [삼층미륵탑],안전기준과,2011-08-24,[도난] 상주 목가리 석조물 [삼층미륵탑],비지정문화재,2007.11.30-12.4사이,1점,207cm,고려초,경북 상주시 사벌
도난,"[도난] 대구 수성구 고산서당 문짝[쪽문, 다락문]",안전기준과,2011-08-24,"[도난] 대구 수성구 고산서당 문짝[쪽문, 다락문]",비지정문화재,2007.10.9,3짝,"쪽문 53cm, 96cm / 다락문 35cm, 35cm",조선,대구 수성구 성동
도난,[도난] 거제향교 내삼문 목조각품[귀면 화반],안전기준과,2011-08-24,[도난] 거제향교 내삼문 목조각품[귀면 화반],비지정문화재,2007.9.28이전,2점,"가로 70, 세로 60cm",조선,경남 거제군 거제
도난,[도난] 김천 신곡리 상친사 회화류[이유황 영정],안전기준과,2011-08-24,[도난] 김천 신곡리 상친사 회화류[이유황 영정],비지정문화재,2007.4월-7.25사이,1점,미상,조선,경북 김천시 조마
도난,"[도난] 합천 함방리 구산서당 부속물 문짝[띠살문, 용자살문, 분합문 등]",안전기준과,2011-08-24,"[도난] 합천 함방리 구산서당 부속물 문짝[띠살문, 용자살문, 분합문 등]",경상남도 문화재자료 제322호,2007.6.2,10짝,자료참조,조선,경남 합천군 가회
도난,[도난] 달성 양리 유가사 소장 불화[나한도] 8점,안전기준과,2011-08-24,[도난] 달성 양리 유가사 소장 불화[나한도] 8점,비지정문화재,2007.5.25,8점,"가로81, 세로63정도",1862년,대구 달성군 유가
도난,[도난] 연기 합강리 임난수 묘의 석조물[장명등],안전기준과,2011-08-24,[도난] 연기 합강리 임난수 묘의 석조물[장명등],1점,2007.5.1-5.8,1,높이 150,조선초기(1497),충남 연기군 동면
도난,[도난] 금산 하신리 온양이씨 어필각 목조각품「용조각 화반」,안전기준과,2011-08-24,[도난] 금산 하신리 온양이씨 어필각 목조각품「용조각 화반」,충남문화재자료 제22호,2007.2.월-4.25사이,7점,"너비86, 높이24, 두께 10",조선,충남 금산군 금성
도난,[도난] 경주 황룡사지 서쪽 외곽부근 석조물[초석],안전기준과,2011-08-24,[도난] 경주 황룡사지 서쪽 외곽부근 석조물[초석],비지정문화재,2007.2.18이전,1점,미상,신라,경북 경주시 구황
도난,[도난] 경주 신계리 탑재석 석조물 [기단부의 하대갑석],안전기준과,2011-08-24,[도난] 경주 신계리 탑재석 석조물 [기단부의 하대갑석],비지정문화재,2006.6월-11월사이,2,"1)길이 75, 두께 20 / 2)길이 100, 두께 30",신라,경북 경주시 외동
도난,[도난] 청송 도리 의성김씨 문중 추원당 소장 고문서[경재감지설 등 고서]  등] 57점,안전기준과,2011-08-24,[도난] 청송 도리 의성김씨 문중 추원당 소장 고문서[경재감지설 등 고서]  등] 57점,비지정문화재,2007.4.16-4.18,57점,붙임자료,조선,경북 청송군 현서
도난,[도난] 김해 덕산리 백룡암 불상[석조지장 보살좌상],안전기준과,2011-08-24,[도난] 김해 덕산리 백룡암 불상[석조지장 보살좌상],비지정문화재,2007.2.6-2.7,1점,"높이 26cm,  너비20cm",조선후기,경남 김해시 대동
도난,[도난] 진주 원계리 영모재 부속품 현판 [영모재],안전기준과,2011-08-24,[도난] 진주 원계리 영모재 부속품 현판 [영모재],경상남도 문화재자료 제400호,2007.3.8,1점,"가60cm, 세로120cm정도",조선말기,경남 진주시 수곡
도난,[도난] 진주 사곡리 대각서원 부속품 문짝 [격자문],안전기준과,2011-08-24,[도난] 진주 사곡리 대각서원 부속품 문짝 [격자문],경남 문화재자료 제344호,2007.2월중,25짝,첨부 자료 참조,조선중기,경남 진주시 수곡
도난,[도난]합천군 주자영정각(모사본),안전기준과,2011-08-24,[도난]합천군 주자영정각(모사본),비지정문화재,2007.2.2-2.18사이,1,"가로60cm, 세로 120cm정도",1934년,경남 합천군 합천
도난,[도난] 합천 외곡리 운포정 소장 고문서[가례증해 등] 410점,안전기준과,2011-08-24,[도난] 합천 외곡리 운포정 소장 고문서[가례증해 등] 410점,비지정문화재,2007.2.15이전,410권,미상,조선,경남 합천군 합천
도난,"[도난] 거창 양항리 심소정 소장 현판[심소정운, 심소정중수운 등 편액]",안전기준과,2011-08-24,"[도난] 거창 양항리 심소정 소장 현판[심소정운, 심소정중수운 등 편액]",경상남도 문화재자료 제58호,2007.1.27,3점,가로60*세로45cm / 가로50*세로40cm,조선시대,경남 거창군 남하
도난,[도난] 종로 고도사 소장 공예품[용모양 돌연적],안전기준과,2011-08-24,[도난] 종로 고도사 소장 공예품[용모양 돌연적],비지정문화재,2007.1.18,1,8*9.5*5cm,조선,서울 종로구 관훈
도난,[도난] 동두천 상봉암동 이영원 묘의 석조물 [문인석] 2점,안전기준과,2011-08-24,[도난] 동두천 상봉암동 이영원 묘의 석조물 [문인석] 2점,비지정문화재,2006.1월경 이전,2점,미상,조선,경기도 동두천시 
도난,[도난] 동두천 안흥동 이직간 묘의 석조물[장명등] 2점,안전기준과,2011-08-24,[도난] 동두천 안흥동 이직간 묘의 석조물[장명등] 2점,비지정문화재,2006.9월경,2점,미상,조선,경기도 동두천시 
도난,산청 민재호 가옥 부속물[사기3단굴둑],안전기준과,2009-06-24,산청 민재호 가옥 부속물[사기3단굴둑],등록문화재 제148호,2006.10.20-11.25,1식,"길이 약300cm,폭 약80cm",1930년대,경남 산청군 금서
도난,경주 강산리 이시창 묘의 석조물[가첨석.귀부],안전기준과,2009-09-15,경주 강산리 이시창 묘의 석조물[가첨석.귀부],비지정문화재,2006.11.20,2점,미상,1700년대,경북 경주시 산내
도난,강릉 임경당 목조품 현판(편액)[차판상운술회] 등,안전기준과,2010-07-20,강릉 임경당 목조품 현판(편액)[차판상운술회] 등,강원도 유형문화재 제46호,2006.10.4이전,4,미상,조선,강원도 강릉시 성
도난,예천 비안공 김삼근 묘의 석조물 [문인석],안전기준과,2009-06-30,예천 비안공 김삼근 묘의 석조물 [문인석],비지정문화재,2006.9.8이전,2점,크기 120-130cm정도,조선 세조,경북 예천군 호명
도난,서울 인사동 김창환 소장 회화류[단원 김홍도 산수화],안전기준과,2009-07-02,서울 인사동 김창환 소장 회화류[단원 김홍도 산수화],비지정문화재,2006.9.8,1점,가로 44cm / 세로 80cm,조선,서울 종로구 인사
도난,[도난] 구례화엄사 지장암 보광전 불상[목조관음보살좌상]1점,안전기준과,2012-04-09,[도난] 구례화엄사 지장암 보광전 불상[목조관음보살좌상]1점,비지정문화재,2006.7.4이전,1점,"높이 53.1cm, 무32.5cm, 보관높이 12.7cm",조선후기,전남 구례군 마산
도난,광주 지산재 영당 소장 회화류 [최치원 영정],안전기준과,2009-09-16,광주 지산재 영당 소장 회화류 [최치원 영정],비지정문화재,2006.8.5 이전,1점,,조선후기,광주 남구 양과동
도난,거창 요수정 목조품 현판 [차운시(次韻詩) 등 편액],안전기준과,2010-07-20,거창 요수정 목조품 현판 [차운시(次韻詩) 등 편액],경남 유형문화재 제423호,2006. 6월-7.23사이,8점,"가로 50-70cm, 세로 30-40cm",조선후기,경남 거창군 위천
도난,동해 용산서원 고문서[시전해(時傳解) 등],안전기준과,2009-09-16,동해 용산서원 고문서[시전해(時傳解) 등],비지정문화재,2006.7.8-7.19사이,55점,첨부파일참조,조선,강원도 동해시 쇄
도난,안동 병산서원 존덕사 제기류[향로 향합 술잔 보개 등],안전기준과,2009-06-23,안동 병산서원 존덕사 제기류[향로 향합 술잔 보개 등],비지정문화재,2006.6.25-6.29,"12점(향로2, 향합2, 술잘4, 보개4)",미상,조선,경남 안동시 풍천
도난,대구 달서 이락서당 현판[경미제(京彌齊) 모한당(慕寒堂)],안전기준과,2009-09-16,대구 달서 이락서당 현판[경미제(京彌齊) 모한당(慕寒堂)],비지정문화재,2006.6.5-6.27사이,2점,"가로 30cm, 세로 70cm 정도",조선(1750년대),대구 달서구 파호
도난,안동 병산서원 존덕사 내 제기류[향로 향합 술잔 보개],안전기준과,2009-06-23,안동 병산서원 존덕사 내 제기류[향로 향합 술잔 보개],비지정문화재,2006.6.25-6.29,12점,미상,조선,경북 안동시 풍천
도난,달성 현풍향교 제기류[준서(놋쇠술항아리)],안전기준과,2009-06-11,달성 현풍향교 제기류[준서(놋쇠술항아리)],비지정문화재,2006.7.10 이전,3점,"높이 30cm, 폭15cm",조선,대구 달성군 현풍
도난,합천 황강정 내 현판 [南冥 詩(남명 시) 편액],안전기준과,2009-06-23,합천 황강정 내 현판 [南冥 詩(남명 시) 편액],비지정문화재,2006.6.20,1점,미상,조선,경남 합천면 쌍책
도난,하동 금산사 [목은 이색선생 영정],안전기준과,2010-07-20,하동 금산사 [목은 이색선생 영정],경상남도 유형문화재 제232호,2006.6.21-6.24,1점,"가로 60cm, 세로 120cm",1766,경남 하동군 청암
도난,[도난] 봉화 법전리 경체정 소장 [경체정(景체亭)현판] 1점,안전기준과,2012-11-16,[도난] 봉화 법전리 경체정 소장 [경체정(景체亭)현판] 1점,경상북도 문화재자료 제298호,2006.6.1-6.14,1점,미상,조선 철종,경북 봉화군 법전
도난,[도난] 봉화 법전리 기헌고택 내 [起軒舊廬(기헌구려) 현판] 1점,안전기준과,2012-11-16,[도난] 봉화 법전리 기헌고택 내 [起軒舊廬(기헌구려) 현판] 1점,경상북도 문화재자료 제419호,2006.6.1-6.14,1점,미상,조선 헌종,경북 봉화군 법전
도난,"거창 신이충 묘 내 [장군석, 장명등]",안전기준과,2009-06-08,"거창 신이충 묘 내 [장군석, 장명등]",비지정문화재,2005.8월경,"3점(장군석2점, 장명등1점)","장군석 높이 150-170cm, 장명등 높이 100-120cm",1600대,경남 거창군 거창
도난,거창 거창신씨 취한당 목조품 [취한당(就閒堂) 현판],안전기준과,2009-06-08,거창 거창신씨 취한당 목조품 [취한당(就閒堂) 현판],비지정문화재,2004.8-9월사이,1점,"가로 90cm, 세로 60cm정도",조선(1800년대),경남 거창군 위천
도난,안동 태화동 무인왕묘 천장 목조각품[봉황장식 및 소탁],안전기준과,2010-07-20,안동 태화동 무인왕묘 천장 목조각품[봉황장식 및 소탁],경상북도 민속자료 제30-1호,2006.5.29-30,"봉황장식2점, 소탁2점",미상,1904,경북 안동시 태화
도난,안동 성남정 목조품[성남정(星南亭) 현판],안전기준과,2009-06-23,안동 성남정 목조품[성남정(星南亭) 현판],비지정문화재,2006. 미상,1점,"가로 40cm, 세로 70cm",조선 명조,경북 안동시 일직
도난,"청송 조인제댁 소장 [고문서, 탁본 등]",안전기준과,2009-06-23,"청송 조인제댁 소장 [고문서, 탁본 등]",비지정문화재,2006.1.15,400점,첨부파일 참조,조선-일정시대,경북 청송군 안덕
도난,경주 신평리 불상 [비로자나불좌상],안전기준과,2009-09-16,경주 신평리 불상 [비로자나불좌상],비지정문화재,2006.4.30,1점,"높이 100cm, 가로 폭 50cm",통일신라 추정,경북 경주시 건천
도난,함양 세종왕자한남군묘의 석조품 [장명등],안전기준과,2010-07-20,함양 세종왕자한남군묘의 석조품 [장명등],경상북도 기념물 제165호,2006.5.20-5.25,1점,높이 약200cm(옥개석 포함),조선,경남 함양군 함양
도난,합천 호연정 내 목조류 현판[호연정기(浩然亭記) 등 편액],안전기준과,2010-07-20,합천 호연정 내 목조류 현판[호연정기(浩然亭記) 등 편액],경남 유형문화재 제198호,2006.4.5-4.7,13점,미상,조선,경남 합천군 율곡
도난,영광 쌍운리 내산서원 목판「강감회요 목판」,안전기준과,2010-07-20,영광 쌍운리 내산서원 목판「강감회요 목판」,비지정문화재,2006.4.5-4.8,1점,"가로 76cm, 세로105cm",1980년,전남 영광군 불갑
도난,군산 치동서원 회화류[전횡장군 영정],안전기준과,2009-09-16,군산 치동서원 회화류[전횡장군 영정],비지정문화재,2006.2.1-4.7,1점,"가로 60cm, 세로90cm 정도",1926년,전북 군산시 옥구
도난,고성 호암사 내 [고문서 ]등,안전기준과,2009-06-09,고성 호암사 내 [고문서 ]등,비지정문화재,2006.3.30-3.31,47,미상,1838-1985,경남 고성군 동해
도난,경주 남산 승소골 [석탑 옥개석],안전기준과,2009-06-08,경주 남산 승소골 [석탑 옥개석],비지정문화재,2005.9.21-06.4.29,1점,75cm x 75cm,통일신라,경북 경주시 남산
도난,산청 주세후 묘내 [문인석],안전기준과,2009-06-23,산청 주세후 묘내 [문인석],비지정문화재,2005.8월경,2점,높이 140cm 정도,고려,경남 산청군 단성
도난,안동 부포리 [부나원루(浮羅院樓) 현판],안전기준과,2010-07-20,안동 부포리 [부나원루(浮羅院樓) 현판],경북 유형문화재 제39호,2006.1-3.21,1점,미상,조선,경북 안동시 예안
도난,증평 충익공 신경행묘내 [동자석],안전기준과,2010-07-20,증평 충익공 신경행묘내 [동자석],충북 기념물 제132호,2006.3.22,2점,"높이 73cm, 둘레 98cm",1623년,충북 증평군 증평
도난,합천 노강재 [분합문짝 등],안전기준과,2009-09-10,합천 노강재 [분합문짝 등],비지정문화재,2006.3.13-3.15,13점,내용참조,미상,경남 합천군 묘산
도난,파주 용재성현 묘 내 [무인석],안전기준과,2010-07-20,파주 용재성현 묘 내 [무인석],경기도 문화재자료 제130호,2006.3.15이전,2점,높이 약 1.5m-1.6m,조선,경기도 파주시 문
도난,순천 선암사  불화[조사 팔상 신중 지장 시왕 칠성 독성도],안전기준과,2009-06-22,순천 선암사  불화[조사 팔상 신중 지장 시왕 칠성 독성도],비지정문화재,2000년이전,26점,내용참조,내용참조,전남 순천시 승주
도난,옥천향교 제기류,안전기준과,2009-09-22,옥천향교 제기류,비지정문화재,2006.2.24-2.25,100여점,미상,미상,충북 옥천군 옥천
도난,고령 [반곡재 현판],안전기준과,2009-09-22,고령 [반곡재 현판],비지정문화재,06.1.12-2.24,1점,"가로 130-140cm, 세로 40-50cm",1947년,경남 고령군 쌍림
도난,"강릉 황산사 재실 제기류[목제기, 놋그릇, 놋잔] ",안전기준과,2009-09-22,"강릉 황산사 재실 제기류[목제기, 놋그릇, 놋잔] ",비지정문화재,2006.2.4 이전,17점,미상,미상,강원도 강릉시 운
도난,장성 필암서원 하서유묵 목판 [묵죽도판],안전기준과,2010-07-20,장성 필암서원 하서유묵 목판 [묵죽도판],전남 유형문화재 제216호,2006.2.2-2.6,3점,가로 70cm / 세로 100cm,조선,전남 장성군 황룡
도난,"경주 양동 손동만가옥내 [병풍, 제기류, 고문서] 등",안전기준과,2009-09-22,"경주 양동 손동만가옥내 [병풍, 제기류, 고문서] 등",비지정문화재,2006.1.4,"42점(병풍2, 제기류 30, 고서10)",내용 참조,내용 참조,경북 경주시 강동
도난,당진 한음선생 [영정],안전기준과,2010-07-20,당진 한음선생 [영정],충청남도 문화재자료 제298호,1998.2월경,1점,"가로 90cm, 세로155cm",조선중기,충남 당진군 송악
도난,"포항 흥해항교 제기류(희준,상준,산뇌,용작 등)",안전기준과,2009-09-22,"포항 흥해항교 제기류(희준,상준,산뇌,용작 등)",비지정문화재,2005.11.2,29점,미상,조선(1600년대 중반),경북 포항시 흥해
도난,파주 파평윤씨 정정공파 묘역 내 [문인석],안전기준과,2010-07-20,파주 파평윤씨 정정공파 묘역 내 [문인석],경기도 기념물 제182호,2005.11.15이전,2점,"높이(기단제외)1번 문인석 162cm, 2번 문인석 170cm",조선,경기 파주시 교하
도난,"영동 황간향교 제기류(豆,변,匣,俎)",안전기준과,2009-06-22,"영동 황간향교 제기류(豆,변,匣,俎)",비지정문화재,2005.11.16이전,222점,내용 참조,근대,충북 영동군 황간
도난,광주 광산구 양림사 [좌불상],안전기준과,2009-06-10,광주 광산구 양림사 [좌불상],비지정문화재,2005.11.11,1점,크기50cm정도,조선,광주광역시 광산구
도난,강릉 임경당 현판 [주련],안전기준과,2009-09-22,강릉 임경당 현판 [주련],비지정문화재,2005.11.3,10점,미상,조선,강원 강릉시 성산
도난,"[도난] 청양 장승리 영모재 소장 [반닫이, 연상, 도마 고서 등] 23점  ",안전기준과,2011-08-24,"[도난] 청양 장승리 영모재 소장 [반닫이, 연상, 도마 고서 등] 23점  ",비지정문화재,2005.10.23,23점,미상,조선,충남 청양군 청양
도난,태백 장명사 목불좌상 및 협시보살복장유물,안전기준과,2010-07-20,태백 장명사 목불좌상 및 협시보살복장유물,강원도 유형문화재 제144호,2005.10.21,일괄,미상,조선,강원도 태백시 장
도난,고창 수사공강응환가전유물,안전기준과,2010-07-20,고창 수사공강응환가전유물,전라남도 유형문화재 제130호,2005.10.25,11점,첨부파일 참조,조선,전북 고창군 성송
도난,대전 중구 [삼근정사(三近精舍) 현판],안전기준과,2009-09-22,대전 중구 [삼근정사(三近精舍) 현판],비지정문화재,2005.8월-9.25,1점,"길이90cm, 폭31cm",조선,대전 중구 무수동
도난,청송 수정사 대웅전 문짝,안전기준과,2010-07-20,청송 수정사 대웅전 문짝,경북도 문화재자료 제73호,2005.8월중순 - 10월중순,9짝,"가로 63cm, 세로192cm",조선후기(1900년대),경북 청송군 파천
도난,화성 정원채고가소장 [정시현 서화첩],안전기준과,2009-06-22,화성 정원채고가소장 [정시현 서화첩],비지정문화재,1991.1.30,1첩(12폭),"가로 50cm, 세로 60cm, 두께 약40cm 정도",근대(1932년),경기도 화성시 남
도난,[도난] 진주단목리담산고택소장 효행관련문헌 및 고문서,안전기준과,2012-04-09,[도난] 진주단목리담산고택소장 효행관련문헌 및 고문서,경남유형문화재 제408호 409호,2005.9월 중순경,"지정(114점), 비지정(892점) 계1006점",미상,조선,경남 진주시 대곡
도난,합천 옥계서원 '윤봉구 선생 영정 및 고가구(궤짝),안전기준과,2009-09-10,합천 옥계서원 '윤봉구 선생 영정 및 고가구(궤짝),비지정문화재,2005.9.1-9.3,"영정1점, 궤짝 1점",영정(90cmx60cm)/궤짝(40cmx60cmx40cm),"영정(조선,1800년대)/궤짝(미정)",경남 합천군 봉산
도난,하동향교 제기류,안전기준과,2009-06-19,하동향교 제기류,비지정문화재,2005.8.20-9.8,18점,미상,조선-근대,경남 하동군 하동
도난,홍천 양덕원 삼층석탑,안전기준과,2010-07-20,홍천 양덕원 삼층석탑,강원도문화재자료 제10호,2005.9.15,1기,높이 192cm(기단 20cm포함),고려말기,강원도 홍천군 남
도난,남원 화정동 남원양씨 묘 문인석 및 장명등,안전기준과,2009-09-22,남원 화정동 남원양씨 묘 문인석 및 장명등,비지정문화재,2005.3.2,3점,"문인석(200cm), 장명등(250cm)",조선 선조(약450년전),전북 남원시 화정
도난,화성 정원채 고가 소장품 자개혼수함 등,안전기준과,2009-06-22,화성 정원채 고가 소장품 자개혼수함 등,비지정문화재,2005.8.23,24점,내용 참조,근대,경기도 화성시 남
도난,경주 고운선생 현판 [독서당(讀書堂)학사루( 學士樓) 현판],안전기준과,2009-09-22,경주 고운선생 현판 [독서당(讀書堂)학사루( 學士樓) 현판],비지정문화재,2005/06/02~07/05,2점,"ㅇ 가로 90cm, 세로 50cm",ㅇ 근대,경북 경주시 배반
도난,고창 인촌선생 생가 내 소장 병풍 등,안전기준과,2009-06-10,고창 인촌선생 생가 내 소장 병풍 등,비지정문화재,2005/07/31~08/31,14점,첨부자료 참조,근대,전북 고창군 부안
도난,예산 이광임선생고택 재실 목조 및 공예품[ 문짝 및 놋향로],안전기준과,2010-07-20,예산 이광임선생고택 재실 목조 및 공예품[ 문짝 및 놋향로],충남 유형문화재 제83호,2005/08/10~08/14,5점,"ㅇ 문짝 4점 : 가로 50cm, 세로 165cmㅇ 놋향로 1점 : 높이 30cm, 둘레 20cm",ㅇ 문짝 4짝 : 1920년대ㅇ 놋향로 : 근대,충남 예산군 대술
도난,고창 송양사 사당 및 강당 목조품[문짝],안전기준과,2010-07-20,고창 송양사 사당 및 강당 목조품[문짝],전라북도 문화재자료 제163호,2005/08/08~08/09,8짝,"ㅇ 사당 문짝 6짝 : 가로 55cm, 세로 164cmㅇ 강당 문짝 2짝 : 가로 51.5cm, 세로 136cm",조선,전북 고창군 해리
도난,의령 중교리 정곡초등학교 내「석조여래좌상」,안전기준과,2010-07-20,의령 중교리 정곡초등학교 내「석조여래좌상」,경남 유형문화재 제6호,2005/07/25~07/26,1점,높이 68,ㅇ 신라,경남 의령군 정곡
도난,영주 금강리 장진 목조품[장진목판],안전기준과,2009-09-22,영주 금강리 장진 목조품[장진목판],비지정문화재,1995.02.03,150매,,,경북 영주시 평은
도난,군위 법주사 불상[대세지보살상 및 관세음보살상],안전기준과,2009-09-22,군위 법주사 불상[대세지보살상 및 관세음보살상],비지정문화재,1993-12-04,2점,,,경북 군위군 소보
도난,청송 주왕암 불상,안전기준과,2009-09-22,청송 주왕암 불상,비지정문화재,1992-12-29,1점,,,경북 청송군 부동
도난,청송 평산신씨 회화류[영정],안전기준과,2009-09-22,청송 평산신씨 회화류[영정],비지정문화재,1992-12-29,1점,,,경북 청송군 파천
도난,장성 필암서원 목조품 [묵죽도],안전기준과,2009-09-22,장성 필암서원 목조품 [묵죽도],비지정문화재,1992-12-21,1점,,,전남 장성군 황룡
도난,성균관대 고문서 [동유첩 제6권],안전기준과,2009-09-22,성균관대 고문서 [동유첩 제6권],비지정문화재,1992/10/16~10/23,1점,,,서울 종로구 명륜
도난,부산 동고등학교 자료관 유물,안전기준과,2009-09-22,부산 동고등학교 자료관 유물,비지정문화재,1992/03/19~03/20,10점,,,부산 부산진구 동
도난,상주 정기룡 장군 유물 고문서[교지],안전기준과,2009-09-22,상주 정기룡 장군 유물 고문서[교지],비지정문화재,1985-10-07,1매,,,경북 상주시 사벌
도난,영동 영국사 불화 [삼장탱화],안전기준과,2011-11-23,영동 영국사 불화 [삼장탱화],비지정문화재,1991-11-12,1점,,,충북 영동군 양산
도난,성주 회연서원 석조물 및 공예품[정료대 및 제기류],안전기준과,2009-06-19,성주 회연서원 석조물 및 공예품[정료대 및 제기류],비지정문화재,2005/07/01~07/02,51점,"ㅇ 정료대 : 높이 130cm, 둘레 30cmㅇ 제기류(향상20점) : 높이 85cm정도",ㅇ 정료대 1점 : 조선중기ㅇ 제기류 51점 : 근대,경북 성주군 수륜
도난,대구 창주 이병선 작 서화류[서체 10폭 병풍 등],안전기준과,2009-06-11,대구 창주 이병선 작 서화류[서체 10폭 병풍 등],비지정문화재,2005/02/19~02/21,14점,ㅇ 액자 가로 100cm ㅇ 족자 가로 120 세로 60cm정도,1900년대,대구 북구 서변동
도난,진주 효자리 조선조팔각형고분군 앞 석조물 [장명등],안전기준과,2010-07-20,진주 효자리 조선조팔각형고분군 앞 석조물 [장명등],경상남도 기념물 제42호,2005.06.초순,1점,ㅇ 높이 120cm(기단석 포함),조선시대(태종),경남 진주시 수곡
도난,목포 달성사 불상 [사자상],안전기준과,2009-06-16,목포 달성사 불상 [사자상],비지정문화재,2005-03-19,1점,ㅇ 높이 80cm,ㅇ 1565년,전남  목포시 죽
도난,옥천 대성사 대웅전 대세지보살좌상 복장유물,안전기준과,2009-09-22,옥천 대성사 대웅전 대세지보살좌상 복장유물,비지정문화재,2005/06/04~06/05,미상,미상,1936년 창건당시의 불상임,충북 옥천군 옥천
도난,거제향교 목조 및 공예품 [제기 및 촛대],안전기준과,2009-06-08,거제향교 목조 및 공예품 [제기 및 촛대],비지정문화재,2005/05/14~05/15,25점,"ㅇ 사각형제기8점, 대접형제기4점, 사발형제기4점,촛대9점",ㅇ 조선후기,경남 거제시 거제
도난,"동해 김형기 가옥내 공예품 [장농,벼루,연적,사기그릇포함]",안전기준과,2009-09-22,"동해 김형기 가옥내 공예품 [장농,벼루,연적,사기그릇포함]",비지정문화재,2005-05-01,1점,ㅇ 미상,ㅇ 조선후기,강원도 동해시 이
도난,"고성 화신리 수림서원 목조품 문짝 [완자문, 비장문]",안전기준과,2010-07-20,"고성 화신리 수림서원 목조품 문짝 [완자문, 비장문]",경상남도 문화재자료 제34호,2005/04/06~04/13,5점,"ㅇ 완자문2점 : 가로 210, 세로 32cmㅇ 완자문1점 : 가로 210, 세로 26cmㅇ 빗장문2점 : 가로 17, 세로 22cm",ㅇ 조선말기,경남 고성군 마암
도난,전북 임실 현풍곽씨 문중 소장 고문서 [족보 등],안전기준과,2009-06-18,전북 임실 현풍곽씨 문중 소장 고문서 [족보 등],비지정문화재,2004/11/26~2005/01/03,31권,"ㅇ 가로 30, 세로 50cm정도",약 250여년전,전북 임실군 오수
도난,테안 승언리 상여 조각품「말탄 저승사자상」,안전기준과,2010-07-20,테안 승언리 상여 조각품「말탄 저승사자상」,충청남도 문화재자료 제315호,2005/04/14~04/15,1점,"ㅇ 폭 20, 높이 25cm",ㅇ 조선말기,충남 태안군 안면
도난,임실 옥전리 박상수 댁 소장[고문서 등],안전기준과,2009-06-19,임실 옥전리 박상수 댁 소장[고문서 등],비지정문화재,2005-03-13,61점,"ㅇ 고문서 60권 : 가로 30, 세로 50cmㅇ 맷돌 1점 : 미상",ㅇ 고문서 60점 : 약 200여년전ㅇ 맷돌 1점 : 미상,전북 임실군 청웅
도난,구례 운조루 고문서 등 [고서적 등],안전기준과,2009-09-22,구례 운조루 고문서 등 [고서적 등],비지정문화재,2005/03/20~03/25,100권,ㅇ 미상,ㅇ 조선,전남 구례군 토지
도난,"구례향교 소장 공예품 및 고문서[향로, 고서적]",안전기준과,2009-09-22,"구례향교 소장 공예품 및 고문서[향로, 고서적]",비지정문화재,2005-03-23,"형로24, 고서5",ㅇ 미상,ㅇ 조선,전남 구례군 구례
도난,홍성 상하리 불상 [돌부처 /석불],안전기준과,2009-09-22,홍성 상하리 불상 [돌부처 /석불],비지정문화재,2005/03/15~03/16,1점,ㅇ 높이 150cm,ㅇ 고려시대,충남 홍성군 홍북
도난,[도난] 봉화 의양리 만산고택 소장 고문서(미수허목필첩 등) 150여점,안전기준과,2012-11-16,[도난] 봉화 의양리 만산고택 소장 고문서(미수허목필첩 등) 150여점,비지정문화재,2005/03/12~03/15,150여점,ㅇ 미정,ㅇ 조선시대,경북 봉화군 춘양
도난,서산 용현리 불상 [석조비로자나불좌상],안전기준과,2009-06-19,서산 용현리 불상 [석조비로자나불좌상],비지정문화재,2005/03/19~03/20,1점,"ㅇ 높이 93cm, 넓이 40cm, 두께 15cm",ㅇ 고려중기,충남 서산시 운산
도난,함안 광정리 석조물[고인돌(3점)],안전기준과,2009-09-22,함안 광정리 석조물[고인돌(3점)],비지정문화재,2005-03-05,3점,ㅇ 첨부사진 자료 참조,ㅇ 청동기 시대,경남 함안군 가야
도난,장수 금남군 회화류[정충신 영정],안전기준과,2009-06-18,장수 금남군 회화류[정충신 영정],비지정문화재,2005/02/10~03/02,1점,"가로 75cm, 세로 125cm",1811년(순조11년)-영정각 건립년대,전북 장수군 장계
도난,[도난] 강릉 선교장(이강백 가) 소장 [고문서 소반 병풍가리개 등] 163점,안전기준과,2011-01-24,[도난] 강릉 선교장(이강백 가) 소장 [고문서 소반 병풍가리개 등] 163점,비지정문화재,2005/03/09~03/10,14종163점,첨부목록 참조,첨부목록 참조,강원도 강릉시 운
도난,"정읍 영주정사 목조 현판[청풍헌(淸風軒) 백천당(百千堂)현판, 주련, 석기 등]",안전기준과,2009-09-28,"정읍 영주정사 목조 현판[청풍헌(淸風軒) 백천당(百千堂)현판, 주련, 석기 등]",비지정문화재,2004/04/01~04/12,14,"ㅇ 청풍헌 : 가로 180, 세로 90ㅇ 백천당 : 가로 150, 세로 60ㅇ 주련 : 가로 18, 세로 136ㅇ 석기 : 가로32, 세로70cm",1900년대,전북 정읍시 흑암
도난,익산 이씨종묘 석조품 [문인석],안전기준과,2009-06-23,익산 이씨종묘 석조품 [문인석],비지정문화재,2004/07/01~08/31,2점,높이 150cm정도,조선시대(약400년전),전북 익산시 왕궁
도난,제천 황강영당(수암사) 회화류[수암 권상하 영정],안전기준과,2009-06-18,제천 황강영당(수암사) 회화류[수암 권상하 영정],비지정문화재,2005-02-25,2점,"가로 55cm, 세로75cm(2절정도)","1715년(75세상), 1720년(80세상)",충북 제천시 한수
도난,통영 안정사 명부전 불상 [도명존자상],안전기준과,2009-06-18,통영 안정사 명부전 불상 [도명존자상],비지정문화재,2005-01-28,1점,높이 100cm,고려시대,경남 통영시 광도
도난,남원 사율리 불상 [석불좌상 및 좌대],안전기준과,2009-09-28,남원 사율리 불상 [석불좌상 및 좌대],비지정문화재,2004/06/~07,2점,"ㅇ 불상 : 높이 160cm, 폭 110cmㅇ 기단 : 이중기단에 통돌에 조각되어 있음(하층기단엔 인상이 조각되어 있음)",ㅇ 고려말-조선초,전북 남원시 덕과
도난,부안 계양사 회화류 [간재선생 영정],안전기준과,2009-06-17,부안 계양사 회화류 [간재선생 영정],비지정문화재,1986-02-09,1점,"ㅇ 가로 73cm, 세로 150cm정도",ㅇ 간재 전우 : 1841-1922,전북 부안군 계화
도난,사천 배춘리 석조물 [우물돌방틀],안전기준과,2009-09-28,사천 배춘리 석조물 [우물돌방틀],비지정문화재,2004/08/05~08/06,4점,"가로 105cm, 세로 105cm. 높이 08-90cm",조선시대 추정(신기마을 형성된 시기에 제작),경남 사천시 축동
도난,경주박물관 석조물 [석인상],안전기준과,2009-06-09,경주박물관 석조물 [석인상],비지정문화재,2004/10/26 이전,1점,"높이 73cm, 최대폭 20cm내외, 무게 70kg내외",조선시대 후기,경북 경주시 인왕
도난,김천 봉곡사 석조물 [금악당 부도],안전기준과,2009-09-28,김천 봉곡사 석조물 [금악당 부도],비지정문화재,2004-12-21,1점,"ㅇ 높이 191.6cm, 기단 47.6cm",ㅇ 1888년,경북 김천시 대덕
도난,"청도 임호서원 경의관 소장 공예품 [말안장, 물통, 붓통, 문진]",안전기준과,2009-06-18,"청도 임호서원 경의관 소장 공예품 [말안장, 물통, 붓통, 문진]",비지정문화재,2004/11/24~11/30,5점,ㅇ 말안장 1점ㅇ 물통 1점ㅇ 붓통 1점ㅇ 문진 2점,,경북 청도군 금천
도난,고령 고곡리 김면장군 묘의 석조물 [동자석],안전기준과,2010-07-20,고령 고곡리 김면장군 묘의 석조물 [동자석],경남 기념물 제76호,2004/12/17~12/19,2점,ㅇ 높이 약50cm,ㅇ 1593년,경남 고령군 쌍림
도난,"합천 성리 고문서 [곽면우, 허후산, 영창휘당 선생 문집]",안전기준과,2009-09-10,"합천 성리 고문서 [곽면우, 허후산, 영창휘당 선생 문집]",비지정문화재,2004-11-16,78권,자료 없음,조선 말,경남 합천군 대병
도난,산청 지리 서계서원 소징 목조품 [사계서원 현판],안전기준과,2010-07-20,산청 지리 서계서원 소징 목조품 [사계서원 현판],경남 문화재자료 제49호,2004/11/15이전,1점,규격 : 가로 170cm / 세로 80cm,"서계서원은 조선 선조 39년(1606년)짓고, 숙종3년(1677년) '서계'라는 현판을 하사",경남 산청군 산청
도난,경주 왕신리 운곡서원 내 문짝 유연정문짝,안전기준과,2010-07-20,경주 왕신리 운곡서원 내 문짝 유연정문짝,경북 문화재자료 제345호,2004/10/17~10/18,1점,가로 50 / 세로 90cm,조선시대,경북 경주시 강동
도난,산청 사월리 ‘면우 곽종석 유적’ 현판 「이동서당 현판」,안전기준과,2010-07-20,산청 사월리 ‘면우 곽종석 유적’ 현판 「이동서당 현판」,경상남도 문화재자료 제196호,2004-08-13,1점,가로 120 * 세로 60cm,1920년,경남 산청군 단성
도난,금산 아인리 석조품 [석탑 옥개석(상륜부)],안전기준과,2010-07-20,금산 아인리 석조품 [석탑 옥개석(상륜부)],충청남도 문화재자료 제327호),2004/04/말~05/초,1점,석탑 전체 높이 200cm,미상,충남 금산군 금산
도난,영덕 기암리 석조품 [석상],안전기준과,2009-06-18,영덕 기암리 석조품 [석상],비지정문화재,2004/06/14~06/15,1점,높이 48cm 폭 30cm,조선시대,경북 영덕군 축산
도난,영덕 영리 석조품 [석탑],안전기준과,2009-06-18,영덕 영리 석조품 [석탑],비지정문화재,2004-07-20,1기,"높이 70cm기단석은 원형에 가까은 부정형, 석재 주변에 직경5cm정도의 성혈이 있음",미상,경북 영덕군 병곡
도난,제천 장곡리(샘골)  석불 입상[석조여래마애불},안전기준과,2003-05-28,제천 장곡리(샘골)  석불 입상[석조여래마애불},비지정문화재,1990.2.9,1점,"전체높이 200cm, 너비 91.1cm, 불상164cm",신라말,충북 제천시 송학
도난,제주 헌마공신 김만일묘의 석조품 [동자석],안전기준과,2009-09-29,제주 헌마공신 김만일묘의 석조품 [동자석],비지정문화재,2004/05월 중순,4점,"높이 85-105cm, 둘레 50-80cm",조선(김만일 1550-1623),제주도 남제주군 
도난,제천 정방사 불상 [목조관음보살좌상],안전기준과,2010-07-20,제천 정방사 불상 [목조관음보살좌상],충북유형문화재 제206호,2004-05-13,1점,"높이 51cm, 두고 20cm, 흉폭 15cm",조선 숙종 15년(1689년),충북 제천시 수산
도난,"제천 정방사 불화 [독성탱화, 나한탱화]",안전기준과,2009-07-06,"제천 정방사 불화 [독성탱화, 나한탱화]",비지정문화재,2004-05-13,2점,"가로 123cm, 세로 120cm",1900년대,충북 제천시 수산
도난,고창 용화사 불상 [지장보살좌상],안전기준과,2009-09-28,고창 용화사 불상 [지장보살좌상],비지정문화재,2004-04-02,1점,"높이 62.5cm, 무릎폭 46.0cm, 나무",조선시대,전북 고창군 대산
도난,상주 득수리 석조품 [석탑 옥개석],안전기준과,2009-09-28,상주 득수리 석조품 [석탑 옥개석],비지정문화재,2004-03-22,1기(3점),"높이 152cm, 폭 147cm",고려시대,경북 상주시 모서
도난,[도난] 고창 문수사 소장 불상 [인왕상]2점,안전기준과,2009-05-04,[도난] 고창 문수사 소장 불상 [인왕상]2점,비지정문화재,2004-03-18,2점,금강역사상(인왕상1) : 117cm / (인왕상2) : 127cm,1653년,전북 고창군 고수
도난,여수 여수향교 소장 목조품 [송자대전 목판 등],안전기준과,2009-06-02,여수 여수향교 소장 목조품 [송자대전 목판 등],비지정문화재,2004/02/29-03/01,104권,"우암 송시열(1607-1689)문집 숙종 43년(1717)평안감영 제작, 서울교정소 간행(총215권 102책)",1934년대(60~70년전),전남 여수시 군자
도난,경주 금정사 불화 [지장탱화],안전기준과,2009-06-02,경주 금정사 불화 [지장탱화],비지정문화재,2004/01/31~02/01,1점,"133㎝×142㎝, 견본채색(비단바탕에 채색)",조선중엽(1764년 제작),경북 경주시  금
도난,"포천 의성군묘, 유성군묘의 석조물 [장명등]",안전기준과,2009-09-03,"포천 의성군묘, 유성군묘의 석조물 [장명등]",비지정문화재,2004-01-12,2점,높이 150cm ,1493년,경기도 포천군 내
도난,하동향교 공예품 및 고문서[향교공인 / 고서적 등],안전기준과,2009-09-29,하동향교 공예품 및 고문서[향교공인 / 고서적 등],비지정문화재,2004/01/06-07,"1점, 47권",공인 : 6㎝×6㎝고서 : 미정,공인 : 50여년전고서 : 미정,경남 하동군 읍내
도난,군산 오곡리 담양전씨 화봉재 소장[간재선생문집 등 고서] 103책,안전기준과,2011-01-16,군산 오곡리 담양전씨 화봉재 소장[간재선생문집 등 고서] 103책,비지정문화재,2004/01/01-06,103,미상,전우(田遇 1841-1922) 저서,전북 군산시 옥구
도난,영주 유전리 불상 [미륵불],안전기준과,2009-09-28,영주 유전리 불상 [미륵불],비지정문화재,2003-12-29,1구,높이 71cm / 폭 33cm / 머리높이 34cm,조선시대,경북 영주시 봉현
도난,진천 실원리 홍우경 · 정인옹주 묘 석조물「장명등」,안전기준과,2010-07-20,진천 실원리 홍우경 · 정인옹주 묘 석조물「장명등」,충청북도 기념물 제78호,2003/12/25~'04/01/01,1점,높이 180cm정도 ,1625년경,충북 진천군 광혜
도난,옥천 대성사 불화 [아미타후불탱화 등],안전기준과,2009-09-28,옥천 대성사 불화 [아미타후불탱화 등],비지정문화재,2003/10/9~10/10,6점,"가로 2m, 세로2m",1900년대,충북 옥천군 이원
도난,"서산 김유경 묘의 석조물 [양석, 장명등]",안전기준과,2009-09-29,"서산 김유경 묘의 석조물 [양석, 장명등]",비지정문화재,2003/10/05-19,3점,"양석 1조(2쌍) : 높이 약 60~70cm,  석등 1점 : 높이 170~200cm",1600년대,충남 서산시 지곡
도난,장수향교 회화류 [공자영정],안전기준과,2009-09-28,장수향교 회화류 [공자영정],비지정문화재,2003/09/01~'04/02/28,1점,미상,미상,전북 장수군 장수
도난,부여 경둔2리 홍윤성 묘 석조물「장명등」,안전기준과,2010-07-20,부여 경둔2리 홍윤성 묘 석조물「장명등」,충남 부여군 향토유적 제49호,2003-03-13,1기,높이 약 120cm정도,조선시대,충남 부여군 은산
도난,하동 쌍계사 불상 [문수보살 동자상],안전기준과,2009-09-29,하동 쌍계사 불상 [문수보살 동자상],비지정문화재,2002-12-13,1점,높이 140cm 폭 40cm 무게 약30-40kg,미상,경남 하동군 화계
도난,성주향교 고직사 고문서 [향안],안전기준과,2009-10-01,성주향교 고직사 고문서 [향안],비지정문화재,2002/11/18-19,7권,"가로 19cm, 세로 26cm",미 상,경북 성주군 성주
도난,[도난] 경주 양동마을 서백당(손성훈 가) 소장 [주역전의대전 등 고서] 306책,안전기준과,2011-01-26,[도난] 경주 양동마을 서백당(손성훈 가) 소장 [주역전의대전 등 고서] 306책,비지정문화재,2002-09-17,306권,미상,1700년경 제작,경북 경주시 강동
도난,[도난] 달성 서흥김씨 종택 소장 [감실] 1점,안전기준과,2011-08-09,[도난] 달성 서흥김씨 종택 소장 [감실] 1점,비지정문화재,2002. 08. 14,1점,"가로 62cm, 세로 72cm, 폭 48cm",1615년(광해 7년),대구광역시 달성군
도난,음성 방축리 권근 삼대묘 석조물「장명등」,안전기준과,2010-07-20,음성 방축리 권근 삼대묘 석조물「장명등」,충청북도 기념물 제32호,2002/06/14~06/15,3점,"장명등 옥개석 : 높이 약 100cm, 면폭 각각 83cm. 보  주 : 높이 35cm",조선시대(권근 1352~1409년),충북 음성군 생극
도난,"경주 최진립  고문서 및 목조품 [전적, 책판]",안전기준과,2010-07-20,"경주 최진립  고문서 및 목조품 [전적, 책판]",비지정문화재,2002/06/11-12,500권,미상 / 고서적 : 약 500권,조선시대,경북 경주시 내남
도난,경주 이조리 경모각 내 최진립 유품 조각품 「벼루 · 옥로잠」,안전기준과,2010-07-20,경주 이조리 경모각 내 최진립 유품 조각품 「벼루 · 옥로잠」,경상북도 유형문화재 제280호,2002/06/11~06/12,2점,벼루 27 x 27cm x 두께1.6cm / 옥로잠2.5x 3.5cm x 높이 4cm,조선시대(1583-1700),경북 경주시 내남
도난,강릉 민제사고 고문서 [전적 등],안전기준과,2009-09-28,강릉 민제사고 고문서 [전적 등],비지정문화재,2002-05-15,300여책,"가로 20cm, 세로 30cm","제작14-20세기,간행18-20세기",강원도 강릉시 병
도난,안동 대사리 안동권씨 용만종택 장판각 내 목판,안전기준과,2010-07-20,안동 대사리 안동권씨 용만종택 장판각 내 목판,경상북도 유형문화재 제224호,2002-03-17,3매,가로 52.2㎝ 세로 21.2㎝,1839년,경북 안동시 길안
도난,증평 배극렴 묘의 석조품 [장명등 및 양석],안전기준과,2010-07-20,증평 배극렴 묘의 석조품 [장명등 및 양석],충청북도 기념물 제98호,2002-03-13,3점,장명등: 높이 160㎝ / 양  석: 길이  95㎝,1888년,충북 괴산군 증평
도난,고성 석마리 석조문화재 「석마」,안전기준과,2010-07-20,고성 석마리 석조문화재 「석마」,경상남도 민속자료 제1호,2002-01-24,1점,"높이 45.0cm, 길이 150.0cm",상고시대,경남 고성군 마암
도난,상주 전사벌왕릉 석조품 [양석],안전기준과,2009-10-01,상주 전사벌왕릉 석조품 [양석],비지정문화재,2002-01-13,2점,높이 65 * 길이 120cm,조선후기,경북 상주시 사벌
도난,"구례 화엄사 불화 [지장탱화, 시왕탱화]",안전기준과,2009-10-01,"구례 화엄사 불화 [지장탱화, 시왕탱화]",비지정문화재,2001-12-28,2점,지장탱화 : 가로 195 * 세로 220cm/ 십왕탱화 : 가로 193 * 세로 220cm,1862년,전남 구례군 마산
도난,"통영 안정사 불화 [삼세불 홍탱화, 의상대사 초상화]",안전기준과,2009-10-01,"통영 안정사 불화 [삼세불 홍탱화, 의상대사 초상화]",비지정문화재,2001-11-01,2점,"삼세불 홍탱화  - 가로 180cm  세로 100cm,  의상대사 초상화  - 근대작  ",삼세불홍탱화 : 조선시대,경남 통영시 광도
도난,해남 미황사 불상 [목조동자상 등],안전기준과,2009-10-01,해남 미황사 불상 [목조동자상 등],비지정문화재,2001-10-15,7점,높이 60cm * 폭 20cm,1722년,전남 해남군 송지
도난,함양 벽송사 불상 [목조아미타여래좌상 등],안전기준과,2009-10-01,함양 벽송사 불상 [목조아미타여래좌상 등],비지정문화재,2001-10-13,3점,"목조아미타: 좌고 99cm, 슬폭 69cm / 목조대세지: 좌고 97cm, 슬폭 60cm / 후불 :192.5*160cm",아미타 및 대세지보살상 : 조선후기 / 후불 1897년,경남 함양군 마천
도난,안동 개목사 불상 [목조보살불],안전기준과,2009-10-01,안동 개목사 불상 [목조보살불],비지정문화재,2001/08/05~08/06,1점,높이 71 * 둘레 50cm,미상,경북 안동시 서후
도난,성남 최명호 소장 공예품 및 고문서[청화백자십장생문병 / 교지 등],안전기준과,2009-10-01,성남 최명호 소장 공예품 및 고문서[청화백자십장생문병 / 교지 등],비지정문화재,2001-07-22,3점, 미상,조선시대,경기도 성남시 분
도난,청도 대운암 불상 [석조석가여래입상],안전기준과,2009-10-01,청도 대운암 불상 [석조석가여래입상],비지정문화재,2001/07/03~07/04,1구,높이 60 * 폭 25cm,미상,경북 청도군 청도
도난,"여주 목아박물관 소장 공예 및 회화류 [도자기, 수월관음도, 불감 등 ]",안전기준과,2009-10-01,"여주 목아박물관 소장 공예 및 회화류 [도자기, 수월관음도, 불감 등 ]",비지정문화재,2001/06/29-30,19점,도자기 : 고 3cm~9.5cm,"도자기 고려-조선 / 불감,관음도  현대",경기도 여주군 강
도난,음성 갑산리 석조물 [석탑],안전기준과,2009-10-01,음성 갑산리 석조물 [석탑],비지정문화재,2001-06-21,1점,높이 220cm,조선시대,충북 음성군 소이
도난,"경주 백률사 불화 [관음탱화, 지장탱화]",안전기준과,2009-10-01,"경주 백률사 불화 [관음탱화, 지장탱화]",비지정문화재,2001-06-19,2점,관음 : 가로 181 * 세로 245cm/지장 : 가로 245 * 세로 277cm,1900년대,경북 경주시 동천
도난,안성 장원리 석조품 [삼층석탑],안전기준과,2009-10-01,안성 장원리 석조품 [삼층석탑],비지정문화재,2001-06-19,1기,"높이 200cm, 기단 90cm",고려시대,경기도 안성시 죽
도난,[도난] 안성 김중만장군 고문서[교지],안전기준과,2010-07-20,[도난] 안성 김중만장군 고문서[교지],경기도 유형문화재 제110호,2001-02-15,2매,가로 122.0cm 세로  95.0cm,조선시대,경기도 안성시 대
도난,영양 상청리 석조품 [석탑],안전기준과,2009-10-01,영양 상청리 석조품 [석탑],비지정문화재,2001-01-27,1기,높이 80 * 넓이 60㎝,미상,경북 영양군 청기
도난,유성 황장연 소장 공예품 [상감청자병 등],안전기준과,2009-10-01,유성 황장연 소장 공예품 [상감청자병 등],비지정문화재,2001-01-14,6점,미상,"고려, 조선",대전광역시 유성구
도난,[도난] 종로 제기동 서정철 소장 서화류 [서화 등],안전기준과,2012-12-04,[도난] 종로 제기동 서정철 소장 서화류 [서화 등],비지정문화재,2001/01/06-08,5점,,미상,서울특별시 동대문
도난,동대문구 서정철 소장 고문서 [간찰 등],안전기준과,2009-09-28,동대문구 서정철 소장 고문서 [간찰 등],비지정문화재,2001/01/06-08,100점,,미상,서울특별시 동대문
도난,동대문구 제기동 서정철 가 회화류「소원화개첩」,안전기준과,2010-07-20,동대문구 제기동 서정철 가 회화류「소원화개첩」,국보 제238호(1987.7.16지정),2001/01/06-08,1점,"가로26.5㎝, 세로16.5㎝ ",양평대군(1418-1453)의 글씨,서울특별시 동대문
도난,청원 대율리 석조품 [귀부석상],안전기준과,2009-09-28,청원 대율리 석조품 [귀부석상],비지정문화재,2000-12-09,1점,"가로3m, 세로1.5m, 높이1m(추정)",1700년대,충북 청원군 북이
도난,구례 천은사 불화 [신중탱화],안전기준과,2009-09-28,구례 천은사 불화 [신중탱화],비지정문화재,2000-10-31,1점,"가로192.5㎝, 세로126.0㎝",미상,전남 구례군 광의
도난,곡성 옥과리 옥과성황당 목조각품「신상」,안전기준과,2010-07-20,곡성 옥과리 옥과성황당 목조각품「신상」,전라남도 민속자료 제2호,2000/10/05~10/07,2점,"男상 높이 84㎝, 女상 높이 68㎝",1500년 추정,전남 곡성군 옥과
도난,"청송 대전사 불화 [후불탱화,신중탱화,지장시왕탱화]",안전기준과,2009-10-01,"청송 대전사 불화 [후불탱화,신중탱화,지장시왕탱화]",비지정문화재,2000-09-04,3점,후불 : 가로 315 * 세로 365㎝/신중 : 가로 205 * 세로 261㎝/지장 시왕 : 가로 332 * 세로 275㎝,1806년 추정,경북 청송군 부동
도난,"김해 해은사 소장 회화류 [가락국 수로왕 영정, 보주태후 허씨영정]",안전기준과,2009-10-01,"김해 해은사 소장 회화류 [가락국 수로왕 영정, 보주태후 허씨영정]",비지정문화재,2000-09-01,2점,수로왕영정 : 가로 125 세로 75㎝ / 보주태후영정 : 가로 125 세로75㎝,조선시대말,경남 김해시 어방
도난,[도난] 대구 달성 유가사 도성암 불화 [후불탱화],안전기준과,2009-10-05,[도난] 대구 달성 유가사 도성암 불화 [후불탱화],비지정문화재,2000-08-20,1점,"가로180㎝, 세로150㎝",미상,대구광역시 달성군
도난,옥천 죽향리 석조품 [사자상],안전기준과,2009-10-05,옥천 죽향리 석조품 [사자상],비지정문화재,2000/08/14-15,3점,"높이76㎝, 제단폭32㎝",미상,충북 옥천군 옥천
도난,남양주 팔당분교 석조품 [오층석탑],안전기준과,2009-10-05,남양주 팔당분교 석조품 [오층석탑],비지정문화재,2000-07-30,1기,"높이3.5m, 폭1.2m",조선중기,경기도 남양주시 
도난,성주 보월동 석조품 [삼층석탑] ,안전기준과,2010-07-20,성주 보월동 석조품 [삼층석탑] ,경상북도 유형문화재 제119호,2000/06/26-28,1점,크기 : 520㎝,통일신라시대,경북 성주군 수륜
도난,영주 장말손유물전시관 소장 공예품 [청자향로],안전기준과,2009-10-05,영주 장말손유물전시관 소장 공예품 [청자향로],비지정문화재,2000-06-04,1점,높이 35 * 지름 25 cm,고려시대,경북 영주시 장수
도난,청도 용천사 불화 [후불탱화],안전기준과,2009-10-05,청도 용천사 불화 [후불탱화],비지정문화재,2000/05/30~05/31,1점,가로 335 * 세로 295㎝,300년전 추정,경북 청도군 각북
도난,안동 시습재사당 고문서 공예  서화류[문집류 /사군자 고화 / 목재 바둑판],안전기준과,2009-09-28,안동 시습재사당 고문서 공예  서화류[문집류 /사군자 고화 / 목재 바둑판],비지정문화재,2000/03/중순-07/02,703점,"사군자2점: 가로25㎝,세로35㎝",미상,경북 안동시 풍천
도난,괴산 애한정 목조품 [문짝],안전기준과,2009-10-05,괴산 애한정 목조품 [문짝],비지정문화재,2000-03-26,34점,미상,1996년~1997년도,충북 괴산군 괴산
도난,연기 봉산영당 소장 회화류 [최용소선생영정],안전기준과,2009-10-05,연기 봉산영당 소장 회화류 [최용소선생영정],비지정문화재,2000-03-24,1점,"가로60㎝, 세로100㎝",조선 세종조(약 578년전),충남 연기군 조치
도난,금산 청풍사 소장 회화류 [야은길재선생 영정 등],안전기준과,2009-10-05,금산 청풍사 소장 회화류 [야은길재선생 영정 등],비지정문화재,2000-03-18,33점,"가로27.5㎝, 세로39.0㎝",1671년,충남 금산군 부리
도난,진주 청곡사 소장 회화류 [진감국사 영정 등],안전기준과,2009-10-05,진주 청곡사 소장 회화류 [진감국사 영정 등],비지정문화재,2000-03-16,3점,미상,미상,경남 진주시 금산
도난,"고령 고령박씨소윤공파 고문서[전적류9점,교지,교첩12매]",안전기준과,2009-06-09,"고령 고령박씨소윤공파 고문서[전적류9점,교지,교첩12매]",비지정문화재,2000/03/10~04/18,16점(21점 중 5점회수),첨부파일 참조,조선 세조,경북 고령군 우곡
도난,고령 도진리 낙낙당 옥형각 고령박씨소윤공파 문적「교지 등」,안전기준과,2010-07-20,고령 도진리 낙낙당 옥형각 고령박씨소윤공파 문적「교지 등」,경상북도 유형문화재제298호,2000/03/10~04/18,3점,"유지 42*60㎝/교지2매 48*56㎝,46*54㎝","유지 1620년, 교지2매 1621년",경북 고령군 우곡
도난,안동 한천정사 소장 회화류 [김택룡 영정],안전기준과,2009-10-05,안동 한천정사 소장 회화류 [김택룡 영정],비지정문화재,1999/12/24~'00/02/08,2점,가로60 * 세로60㎝,1627년,경북 안동시 예안
도난,"영천 경주김씨 종택 소장 고문서 및 회화류 [전적 문집류, 13폭병풍]",안전기준과,2009-09-28,"영천 경주김씨 종택 소장 고문서 및 회화류 [전적 문집류, 13폭병풍]",비지정문화재,1999-11-10,"50권, 1점",,조선중종,경북 영천시 임고
도난,청양 정혜사 불상 [관세음보살좌상],안전기준과,2009-10-05,청양 정혜사 불상 [관세음보살좌상],비지정문화재,1999-10-20,1점,"높이90㎝, 둘레150㎝",조선후기,충남 청양군 장평
도난,고령 귀원사 불상 [석불],안전기준과,2009-10-05,고령 귀원사 불상 [석불],비지정문화재,1999-10-02,2점,석불-1 : 높이 115 * 하단폭 85 ㎝석불-2 : 높이 55㎝ * 하단폭 40 ㎝,미상,경북 고령군 쌍림
도난,익산 현동사 연안이씨 종중 고문서 [문적],안전기준과,2009-10-05,익산 현동사 연안이씨 종중 고문서 [문적],비지정문화재,1999-09-18,5책,"크기 가로 39 x 세로 23cm한지, 장방형책",광국,전북 익산시 삼기
도난,"익산 현동사 연안이씨종중 고문서[공신록권, 공신회맹록]",안전기준과,2010-07-20,"익산 현동사 연안이씨종중 고문서[공신록권, 공신회맹록]",보물 제651호,1999-09-18,2점,공신녹권 30x197cm. 공신회맹록 35x22cm,"공신록1472년, 공신회맹록1474년",전북 익산시 삼기
도난,음성 유촌리 불상 [미륵불],안전기준과,2009-10-05,음성 유촌리 불상 [미륵불],비지정문화재,1999-09-09,1점,높이 : 250㎝,고려말에서 조선초기로 추정,충북 음성군 금왕
도난,제천 청풍 용곡리 석조품 [문인석],안전기준과,2009-09-28,제천 청풍 용곡리 석조품 [문인석],비지정문화재,1999-09-04,1쌍,높이 : 1m,1674년,충북 제천시 청풍
도난,인제 갑둔리 석조품 [석등부재],안전기준과,2009-09-28,인제 갑둔리 석조품 [석등부재],비지정문화재,1999-08-22,1기,"가로 43.5cm, 세로 43.0cm, 총높이 43.5cm",미상,강원도 인제군 남
도난,평택 문헌사 소장 회화류 [삼봉 정도전 선생 영정],안전기준과,2009-10-05,평택 문헌사 소장 회화류 [삼봉 정도전 선생 영정],비지정문화재,1999-08-08,1점,"가로187cm, 세로110cm",1994년도,경기도 평택시 진
도난,"영천 공덕리 삼층석탑의 탑신, 옥개석, 상륜부",안전기준과,2010-07-20,"영천 공덕리 삼층석탑의 탑신, 옥개석, 상륜부",경상북도 문화재자료제103호,1999-08-06,3편,미상,고려시대,경북 영천시 화북
도난,경산 환성사 불상 [복장유물],안전기준과,2009-10-05,경산 환성사 불상 [복장유물],비지정문화재,1999-07-09,1(일괄),미상,조선중엽에서 조선말기,경북 경산시 하양
도난,금산 신안사 목조품 [목각사자상],안전기준과,2009-10-05,금산 신안사 목조품 [목각사자상],비지정문화재,1999-06-09,1점,"높이 : 1.3m, 길이 : 1.4m",미상,충남 금산군 제원
도난,나주 다보사 불화 [신중탱화],안전기준과,2009-10-05,나주 다보사 불화 [신중탱화],비지정문화재,1999-06-03,1점,가로52㎝ * 세로133㎝,1884년,전남 나주시 경현
도난,금산 신안사 석조품 [부도],안전기준과,2009-10-05,금산 신안사 석조품 [부도],비지정문화재,1999-05-17,1점,"높이 : 150㎝, 반지름 : 57㎝",미상,충남 금산군 제원
도난,[도난] 봉화 소천리 소재 [석불좌상]1점,안전기준과,2012-11-16,[도난] 봉화 소천리 소재 [석불좌상]1점,비지정문화재,1999-05-16,1기,높이120 * 둘레 100cm,삼국시대,경북 봉화군 법전
도난,경주 표충사 탑신석,안전기준과,2009-09-28,경주 표충사 탑신석,비지정문화재,1999-05-06,1개,,미상,경북 경주시 황용
도난,포항 보경사 후불탱화,안전기준과,2009-09-28,포항 보경사 후불탱화,비지정문화재,1999-05-02,2점,팔상전탱화 245*235㎝  명부전탱화 199*183㎝,미상,경북 포항시 송라
도난,영광 불갑사 나한상 등,안전기준과,2009-10-05,영광 불갑사 나한상 등,비지정문화재,1999-04-14,8점,"1. 가락가바리동아존자(높이 69 * 폭 52cm)2. 락구라존자(62*50), 3. 수박가존자(62*50), 4. 아시당존자(63*50), 5. 가락가별차존자)60*52), 6. 발타라존자(62*50), 7. 벌사라불가라존자(63*51), 8. 주다반탁가존자(70*50)",1706년,전남 영광군 불갑
도난,괴산 [유근 및 유규의 영정],안전기준과,2009-09-29,괴산 [유근 및 유규의 영정],비지정문화재,1999-03-30,2점,미상* 보물 제566호 유근영정과 함께 도난,1619년,충북 괴산군 소수
도난,괴산 몽촌리 문정사 초상화 [유근영정],안전기준과,2010-07-20,괴산 몽촌리 문정사 초상화 [유근영정],보물 제566호,1999-03-30,1점,"가로89㎝, 세로163㎝",1619년,충북 괴산군 소수
도난,청원 동암리 동자석,안전기준과,2009-09-29,청원 동암리 동자석,비지정문화재,1999-03-25,2점,크기 : 1m,250년,충북 청원군 미원
도난,순천 선암사 불화 [화엄후불탱화],안전기준과,2009-10-05,순천 선암사 불화 [화엄후불탱화],비지정문화재,1999-03-23,1점,가로269㎝ * 세로247㎝,1780년,전남 순천시 승주
도난,순천 선암사 불화 [석가모니 후불탱화],안전기준과,2009-10-05,순천 선암사 불화 [석가모니 후불탱화],비지정문화재,1999-03-16,1점,가로 376㎝ + 세로 505㎝,1765년,전남 순천시 승주
도난,경주 어얼리 현판류 8점 및 들문 8짝 ,안전기준과,2009-09-29,경주 어얼리 현판류 8점 및 들문 8짝 ,비지정문화재,1999-02-18,"8점, 8짝","들문 8짝: 4짝×4짝, 높이182㎝, 넓이67.5㎝",미상,경북 경주시 양북
도난,충주 문주리 5층석탑,안전기준과,2009-10-07,충주 문주리 5층석탑,비지정문화재,1999-02-04,1점,높이230㎝,고려시대,충북 충주시 문주
도난,의성 옥련사 극락전 후불탱화,안전기준과,2009-07-02,의성 옥련사 극락전 후불탱화,비지정문화재,1998-12-27,1점,가로270 * 세로330cm,1791년,경북 의성군 안평
도난,공주 갑사 약사회상도,안전기준과,2009-10-07,공주 갑사 약사회상도,비지정문화재,1998-12-22,1점,"가로280cm, 세로455cm",1730년(조선 영조 6년),충남 공주시 계룡
도난,여주 상거리 이완장군 묘 석조물「장명등 · 동자석」,안전기준과,2010-07-20,여주 상거리 이완장군 묘 석조물「장명등 · 동자석」,경기도 기념물제16호,1998-12-15,3기,,1627년,경기도 여주군 여
도난,"서천 월남 이상재 선생 유물(8폭병풍,서찰),(만장)",안전기준과,2009-09-29,"서천 월남 이상재 선생 유물(8폭병풍,서찰),(만장)",비지정문화재,1998-12-14,11점,,1890년,충남 서천군 종지
도난,안동 금계리 석조비로자나불좌상,안전기준과,2009-10-07,안동 금계리 석조비로자나불좌상,비지정문화재,1998-12-02,1점,높이 80cm,통일신라시대,경상북도 안동시 
도난,음성 영산리 경녕군부인 김씨묘의 장명등,안전기준과,2010-07-20,음성 영산리 경녕군부인 김씨묘의 장명등,충북 기념물 제99호,1998-11-28,1기,높이155cm,"조선시대(세종 32년, 1450년)",충북 음성군 감곡
도난,괴산 송덕리 3층 석탑,안전기준과,2009-10-07,괴산 송덕리 3층 석탑,비지정문화재,1998-11-13,1기,높이195cm,고려시대,충북 괴산군 장연
도난,"달성 용연사 후불탱화, 삼장탱화",안전기준과,2009-10-07,"달성 용연사 후불탱화, 삼장탱화",비지정문화재,1998-10-01,2점,후불가로300*세로500cm / 삼장 가로300*세로300cm,"후불탱화: 미상 , 삼장탱화: 1988년",대구광역시 달성군
도난,영월 용석리 3층 석탑 (1층 옥신부분),안전기준과,2009-10-07,영월 용석리 3층 석탑 (1층 옥신부분),비지정문화재,1998-08-25,1점,"총높이120cm, 1층옥신 폭40cm",백제시대,강원도 영월군 주
도난,구례 화엄사 금강역사상 및  녹사,안전기준과,2009-10-07,구례 화엄사 금강역사상 및  녹사,비지정문화재,1998-08-08,"역사상(1점), 녹사(2점)",금강역사상: 높이110 * 폭50cm/녹사(1): 높이110 * 폭50cm/녹사(2): 높이60 * 폭30cm,1795년(정조19년),전남 구례군 마산
도난,충주 용탄동 미륵석불,안전기준과,2009-10-07,충주 용탄동 미륵석불,비지정문화재,1998-06-26,1점,높이180cm,삼국시대,충북 충주시 용탄
도난,군위 원각사 미륵불,안전기준과,2009-10-07,군위 원각사 미륵불,비지정문화재,1998-06-21,1구,높이 200 * 폭 65cm,통일신라시대,경북 군위군 군위
도난,진천 상계리 이거이 묘 석조물「양석 · 문인석」,안전기준과,2010-07-20,진천 상계리 이거이 묘 석조물「양석 · 문인석」,충청북도 기념물제95호,1998-06-10,4기,문인석: 높이140cm 양석: 높이90cm,조선시대,충북 진천군 진천
도난,달성 노이리 부덕불,안전기준과,2009-10-07,달성 노이리 부덕불,비지정문화재,1998-05-26,1기,"현고97cm, 폭66cm, 두고34cm, 두폭25.5cm",조선시대,대구광역시 달성군
도난,광주 광산구 송호영정사본,안전기준과,2009-09-29,광주 광산구 송호영정사본,비지정문화재,1998-05-24,-,,미상,광주시광산구 소촌
도난,광주 소촌동 송호영당 목판「눌재집목판」,안전기준과,2010-07-20,광주 소촌동 송호영당 목판「눌재집목판」,광주광역시 유형문화재제16호,1998-05-24,11판,,미상,광주광역시 광산구
도난,"장흥 반신리 반계사 광국공신계회도, 공신녹권 (광국원종, 선무원종)",안전기준과,2010-07-20,"장흥 반신리 반계사 광국공신계회도, 공신녹권 (광국원종, 선무원종)",전라남도 유형문화재제164호,1998-05-02,3점,"광국공신계회도: 가로63cm, 세로74cm",1714년,전남 장흥군 장동
도난,"청도 고서적 (이원선생문집, 탁영선생문집 등)",안전기준과,2009-09-29,"청도 고서적 (이원선생문집, 탁영선생문집 등)",비지정문화재,1998/05/10-07/20,80여권,,미상,경북 청도군 화양
도난,"김천 석계서원목판, 향촛대",안전기준과,2009-10-07,"김천 석계서원목판, 향촛대",비지정문화재,1998-04-20,"목판(80매), 촛대(15점)",미상,조선시대(목판),경북 김천시 대덕
도난,"울산  목판 120판, 대족보 1매",안전기준과,2009-09-29,"울산  목판 120판, 대족보 1매",비지정문화재,1998-04-11,"120판,  1매",,150년전,울산광역시 울주군
도난,괴산 문인석(김홍보묘소),안전기준과,2009-09-29,괴산 문인석(김홍보묘소),비지정문화재,1998/04/05-05/13,2기,"가로 35cm, 세로35cm, 높이100cm",미상,충북 괴산군 감물
도난,"괴산 문인석(김봉일묘 등), 장명등, 동자석",안전기준과,2009-09-29,"괴산 문인석(김봉일묘 등), 장명등, 동자석",비지정문화재,1998/04/05-05/04,9기,"문인석 35*35cm 높이150, 장명등 80*80cm 높이120, 동자석 30*30cm, 높이120",미상,충북 괴산군 청천
도난,공주 오룡리 숭선군묘 석조물「상석받침석」,안전기준과,2010-07-20,공주 오룡리 숭선군묘 석조물「상석받침석」,충청남도 기념물 제6호,1998-04-01,2개,미상,조선 숙종 16년(1690년),충남 공주시 이인
도난,용인 포은 정몽주선생 영정,안전기준과,2009-10-07,용인 포은 정몽주선생 영정,비지정문화재,1998-03-17,1점,"가로100cm, 세로150cm",1751년,경기도 용인시 모
도난,경주 동암선생문집 전적류 등,안전기준과,2009-09-29,경주 동암선생문집 전적류 등,비지정문화재,1998-03-04,235점,,미상,경남 경주시 양북
도난,"괴산 유근.유평수묘의 문인석, 장명등, 동자석",안전기준과,2009-10-07,"괴산 유근.유평수묘의 문인석, 장명등, 동자석",비지정문화재,1998/03/10-04/15,7점,"문인석 35*35 높이150cm, 장명등 80*80 높이120cm, 동자석 30*30 높이120cm",조선후기,충북 괴산군 소수
도난,"순천 선암사 불화 [응진전, 불조전 후불탱화]",안전기준과,2009-10-07,"순천 선암사 불화 [응진전, 불조전 후불탱화]",비지정문화재,1998-02-06,3점,응진전 후불 가로 208 * 세로 200cm /불조전 후불 가로 230 * 세로 135cm,응진전 후불 1700년 /불조전 후불 1600년,전남 순천시 승주
도난,거창 오례사 추원제 판문 내 문짝,안전기준과,2009-10-07,거창 오례사 추원제 판문 내 문짝,경상남도 문화재자료제191호,1998-01-26,3짝,"가로66cm, 세로175cm",1876년,경남 거창군 신원
도난,관악 강감찬장군 영정,안전기준과,2009-10-07,관악 강감찬장군 영정,비지정문화재,1998-01-10,1점,"가로110cm, 세로200cm",1974년,서울특별시 관악구
도난,파주 윤관장군 영정,안전기준과,2009-10-07,파주 윤관장군 영정,비지정문화재,1998-01-09,1점,"가로80cm, 세로100cm",1979년,경기도 파주시 광
도난,해남 충무사 충무공 영정,안전기준과,2009-09-29,해남 충무사 충무공 영정,비지정문화재,1998-01-03,1점,"가로88cm, 세로166cm",1966년,전남 해남군 문내
도난,울산 석남사 영산회상도,안전기준과,2009-10-07,울산 석남사 영산회상도,비지정문화재,1997-12-11,1점,가로 217cm / 세로 170cm,영조12년(1736년),울산광역시 울주군
도난,서천 비인향교 고서 (현학선생록 등),안전기준과,2009-09-29,서천 비인향교 고서 (현학선생록 등),비지정문화재,1997-11-24,36권,,미상,충남 서천군 비인
도난,고성 북평리 옥천사 불화「영산회상도」,안전기준과,2010-07-20,고성 북평리 옥천사 불화「영산회상도」,경상남도 유형문화재제299호,1997-10-21,1점,"가로357cm, 세로330cm",1744년(건륭 9년),경남 고성군 개천
도난,[도난] 대전 제월당 및 옥오재(은진송씨문중] 소장 [송규렴의 문집 등 고서] 824점,안전기준과,2011-08-09,[도난] 대전 제월당 및 옥오재(은진송씨문중] 소장 [송규렴의 문집 등 고서] 824점,비지정문화재,1997-10-01,824점,미상,조선,대전광역시 대덕구
도난,청도 이운룡장군 영정,안전기준과,2009-10-07,청도 이운룡장군 영정,비지정문화재,1997-09-25,1점,가로112 * 세로230cm,1919년에 개모,경북 청도군 이서
도난,의성 고운사 후불탱화,안전기준과,2009-09-29,의성 고운사 후불탱화,비지정문화재,1997-09-02,1점,가로220 * 세로130cm,60년전,경북 의성군 단촌
도난,"경산 안평대군글씨,국조보감, 춘추전, 사례강요, 삼사비유, 대동문헌록 등 전적류",안전기준과,2009-09-29,"경산 안평대군글씨,국조보감, 춘추전, 사례강요, 삼사비유, 대동문헌록 등 전적류",비지정문화재,1997-08-10,62점,,미상,경북 경산시 남산
도난,"하동 쌍계사 신중탱화, 화엄경변상도",안전기준과,2009-10-07,"하동 쌍계사 신중탱화, 화엄경변상도",비지정문화재,1997-08-05,2점,신중 : 가로 175 * 세로 215cm/변상도 : 가로 168 * 세로 299cm,신중 : 1781년 / 변상도 : 1790년,경남 하동군 운수
도난,충주 부도 상륜부,안전기준과,2009-10-07,충주 부도 상륜부,비지정문화재,1997-07-30,1점,지름: 20~30cm,미상,충북 충주시 가금
도난,안동 군자정 현판,안전기준과,2009-10-07,안동 군자정 현판,비지정문화재,1997-07-27,3점,"가로82cm, 세로38cm",1700년대,경북 안동시 녹전
도난,영천 한광사 달마대사 석조불상,안전기준과,2009-09-29,영천 한광사 달마대사 석조불상,비지정문화재,1997-05-23,1점,높이30cm,200년전,경북 영천시 신령
도난,산청 덕계선생문집 책판·사호집 및 수오당 실기  책판,안전기준과,2009-10-07,산청 덕계선생문집 책판·사호집 및 수오당 실기  책판,경상남도 유형문화재 제163호,1997-04-07,71매,가로 42cm / 세로 27cm,조선 숙종,경남 산청군 산청
도난,안동 하회리 전적류,안전기준과,2009-09-29,안동 하회리 전적류,비지정문화재,1997-03-26,1(일괄),,미상,경북 안동시 풍천
도난,합천 광암정의 문짝,안전기준과,2010-07-20,합천 광암정의 문짝,비지정문화재,1997-03-23,14개,미상,조선시대,경남 합천군 대병
도난,양평 이준경 선생 묘의[문인석],안전기준과,2010-07-20,양평 이준경 선생 묘의[문인석],경기도 기념물 제96호,1997-03-10,2점,"폭: 40~50cm, 높이: 200~210cm",1572년,경기도 양평군 양
도난,의성 수정사 후불탱화,안전기준과,2009-07-02,의성 수정사 후불탱화,비지정문화재,1997-02-24,3점,가로180 * 세로200cm,100-150년전,경북 의성군 금성
도난,"상주 신흥사 관음보살상도, 지장탱화",안전기준과,2009-10-07,"상주 신흥사 관음보살상도, 지장탱화",비지정문화재,1997-02-14,"2점,  1점",보살상도-1 : 가로75 * 세로 50cm/보살상도-2 : 가로100 * 세로 72cm/신중탱화 : 가로 137 * 세로 48cm,"관음보살상(1874년),  신중탱화(미상)",경북 상주시 화북
도난,"청원 한석봉 친필서책, 대원군 친필서찰집, 병풍 3폭, 서문갑 2점",안전기준과,2009-09-29,"청원 한석봉 친필서책, 대원군 친필서찰집, 병풍 3폭, 서문갑 2점",비지정문화재,1997.불명,7점,,조선시대,충북 청원군 가덕
도난,안동 하회리 전적(서애선생문집 등) 및 유물,안전기준과,2009-09-29,안동 하회리 전적(서애선생문집 등) 및 유물,비지정문화재,1996-12-21,"59권,  6점",,미상,경북 안동시 풍천
도난,"논산 돈암서원 책판 (황강실기, 사계유고, 신독재유고, 일괄간찰류 등)",안전기준과,2009-10-07,"논산 돈암서원 책판 (황강실기, 사계유고, 신독재유고, 일괄간찰류 등)",비지정문화재,1996-12-11,191점 이상(일괄간찰류 등),미상,미상,충남 논산시 연산
도난,"예천 명봉사 신중탱화, 후불탱화",안전기준과,2009-10-07,"예천 명봉사 신중탱화, 후불탱화",비지정문화재,1996-12-09,2점,후불탱화: 가로 245 * 세로 295cm /신중탱화: 가로 204cm * 세로 154cm,미상,경북 예천시 상리
도난,목포 추사 김정희 서예 작품 등,안전기준과,2009-09-29,목포 추사 김정희 서예 작품 등,비지정문화재,1996-11-19,7점,,미상,전남 목포시 용해
도난,영덕 갈암문집 교정본 등,안전기준과,2009-09-29,영덕 갈암문집 교정본 등,비지정문화재,1996-06-05,235점,,미상,경북 영덕군 창수
도난,포항 양무원종공신록권 등,안전기준과,2009-09-29,포항 양무원종공신록권 등,비지정문화재,1996-03-13,70점,,미상,경북 포항시 북구
도난,포항 동의보감(한지목판탁본) 등,안전기준과,2009-09-29,포항 동의보감(한지목판탁본) 등,비지정문화재,1996-03-06,58점,,미상,경북 포항시 장기
도난,경주 황오동 청자상감국화문잔 등,안전기준과,2009-06-09,경주 황오동 청자상감국화문잔 등,비지정문화재,1996-02-15,8점,1. 청자상감국화문잔 및 잔대 : 높이 122. 청사상감국화문합 : 가로 8 * 세 93. 토가각배 : 가로 28 * 세로 304. 청자다완 : 높이 8 * 구경 185. 청자국화병 : 높이 12 * 지름 13cm,미상,경북 경주시 황오
도난,장흥 8폭병풍글씨(안해봉전서) 및 10폭병풍글씨(송문해:설주),안전기준과,2009-09-29,장흥 8폭병풍글씨(안해봉전서) 및 10폭병풍글씨(송문해:설주),비지정문화재,1996-02-12,2점,,미상,전남 장흥군 관산
도난,파주 윤곤선생묘의 장명등,안전기준과,2010-07-20,파주 윤곤선생묘의 장명등,경기도 기념물 제106호,1995/12/21~1996/2/12,1기,미상,미상,경기도 파주군 파
도난,"[도난]봉화 의양리 만산고택 소장유물 (병풍, 민속화, 도자기, 전적)105점",안전기준과,2012-11-16,"[도난]봉화 의양리 만산고택 소장유물 (병풍, 민속화, 도자기, 전적)105점",비지정문화재,1995-11-20,105여점,미상,미상,경북 봉화군 춘양
도난,안동 성성재종택 전적 및 고문서,안전기준과,2009-09-29,안동 성성재종택 전적 및 고문서,비지정문화재,1995/11/01-1996/03/06,1300여권,,미상,경북 안동시 예안
도난,"정선 고서적 (이조야사, 백당집, 외제연보 등)",안전기준과,2009-09-29,"정선 고서적 (이조야사, 백당집, 외제연보 등)",비지정문화재,1995-09-24,390여점,,미상,강원도 정선군 임
도난,괴산 정인지 묘의 장명등 및 옥개석,안전기준과,2009-06-10,괴산 정인지 묘의 장명등 및 옥개석,비지정문화재,1995-04-28,2점,미상,미상,충북 괴산군 불정
도난,[도난] 순천 송광사 소장 회화[조사진영 등]13점,안전기준과,2010-07-20,[도난] 순천 송광사 소장 회화[조사진영 등]13점,보물 제1043호,1995-01-27,13점,"가로77cm, 세로135cm",1780년(정조 4년),전남 순천시 송광
도난,강릉 보현사 석등재,안전기준과,2009-09-29,강릉 보현사 석등재,비지정문화재,1995-01-17,1기,"폭: 20~30cm, 높이: 40~50cm",미상,강원도 강릉시 성
도난,영주 금강장진 목판,안전기준과,2009-09-29,영주 금강장진 목판,비지정문화재,1994/11/말-1995/02/03,150매,,미상,경북 영주시 평은
도난,"의성 고운사 아미타불 후불탱화, 지장탱화",안전기준과,2009-06-30,"의성 고운사 아미타불 후불탱화, 지장탱화",비지정문화재,1994-10-04,2점,후불 : 가로 250 * 세로 260cm / 지장 : 가로 270 * 세로 200cm,후불탱화 : 1888년 / 지장탱화 :1741년,경북 의성군 단촌
도난,"장성 백양사 후불탱화, 목공예품(전패)",안전기준과,2009-09-29,"장성 백양사 후불탱화, 목공예품(전패)",비지정문화재,1994-09-29,3점,"후불254*365cm 목공예품30*45cm, 두께15cm",조선시대,전남 장성군 북하
도난,"문경 김용사 신중탱화, 후불탱화, 독성탱화, 사천왕탱화",안전기준과,2009-06-02,"문경 김용사 신중탱화, 후불탱화, 독성탱화, 사천왕탱화",비지정문화재,1994-08-15,8점,1.신중-1 : 가로 275 * 세로 2302.신중-2 : 가로 126 * 세로 1713. 후불 : 가로 270 * 세로 2214. 독성 : 가로 129 * 세로 1065. 사천왕(4점) : 가로 172 * 세로 286cm,"신중(2점), 후불(1점), 독성(1점), 사천왕(4점) : 1803년 ",경북 문경군 산북
도난,"강진 백련사 후불탱화, 삼장탱화",안전기준과,2009-06-08,"강진 백련사 후불탱화, 삼장탱화",비지정문화재,1994-07-22,2점,후불 : 가로 450 * 세로 400cm/ 삼장 : 가로 315 * 세로185cm,"후불탱화(1705년), 삼장탱화(1773년)",전남 강진군 도암
도난,삼척 영은사 지장보살탱화,안전기준과,2009-06-24,삼척 영은사 지장보살탱화,비지정문화재,1994-06-05,1점,"가로190cm, 세로290cm",1940년,강원도 삼척군 근
도난,영천 묘각사 후불탱화,안전기준과,2009-06-30,영천 묘각사 후불탱화,비지정문화재,1994-04-12,1점,가로200 * 세로200cm,1890년 ,경북 영천군 자양
도난,광주 신익희선생 원구유집 목판 및 교지,안전기준과,2009-06-25,광주 신익희선생 원구유집 목판 및 교지,비지정문화재,1994-04-07,"118점,  1매",목판 : 미상교지 : 미상,"목판(150여년전), 교지(조선조 23대 순조)",경기도 광주군 초
도난,"의성 운남사 후불탱화, 지장탱화, 신중탱화",안전기준과,2009-06-30,"의성 운남사 후불탱화, 지장탱화, 신중탱화",비지정문화재,1994-03-27,3점,후불 : 가로 204 * 세로 120cm/지장 : 가로 120 * 세로 120cm/신중 : 가로 120 * 세로 110cm,후불 : 조선후기 / 신중 : 1823년(도광3년) / 지장 : 1742년(건륭7년),경북 의성군 안평
도난,울산 신흥사 후불탱화,안전기준과,2009-06-02,울산 신흥사 후불탱화,비지정문화재,1994-01-06,1점,"가로220cm, 세로190cm",100년전,울산관역시 강동면
도난,"[도난] 종로 세종로 [월인석보, 훈민정음해례본, 월인석보머릿전]",안전기준과,2012-12-04,"[도난] 종로 세종로 [월인석보, 훈민정음해례본, 월인석보머릿전]",비지정문화재,1993/12/26-17,3점,,,서울시 종로구 세
도난,김천 명성재 극락보전 목판「가례증해판목」,안전기준과,2010-07-20,김천 명성재 극락보전 목판「가례증해판목」,경상북도 유형문화재 제67호,1993-12-16,8매,길이 57cm 폭 37cm 두께 1.7cm,1758년(영조34년),경북 김천시 구성
도난,의성 대곡사 삼장보살도,안전기준과,2009-07-02,의성 대곡사 삼장보살도,비지정문화재,1993-12-16,1점,가로 270 * 세로 210cm,조선후기,경북 의성군 다인
도난,여수 용문사 목조관음보살좌상,안전기준과,2009-10-07,여수 용문사 목조관음보살좌상,비지정문화재,1993/12/15-16,1점,높이 60 * 폭 30cm,1773년,전남 여수시 화양
도난,"경주 기림사 비로자나불 복장유물 중 전적(감지은니묘법연화경, 감지금니묘법연화경)",안전기준과,2010-07-20,"경주 기림사 비로자나불 복장유물 중 전적(감지은니묘법연화경, 감지금니묘법연화경)",보물 제959호,1993-12-05,2점,가로 31.9cm 세로 11cm,고려말,경북 경주군 양북
도난,"양산 통도사 아미타삼존탱화, 지장탱화",안전기준과,2009-10-08,"양산 통도사 아미타삼존탱화, 지장탱화",비지정문화재,1993-11-19,2점,아미타 : 가로 220 * 세로 190/ 지장 : 가로 190 * 세로 170cm,조선후기,경남 양산군 하북
도난,무주 안국사 후불탱화(아미타회상도),안전기준과,2009-10-08,무주 안국사 후불탱화(아미타회상도),비지정문화재,1993-11-19,1점,가로 340 * 세로 380cm,1772년,전북 무주군 적산
도난,금산 목제장승,안전기준과,2009-10-08,금산 목제장승,비지정문화재,1993-09-06,1점,"높이 145, 둘레 90cm",미상,충남 금산군 진산
도난,장수 팔성사 목조아미타불좌상,안전기준과,2009-10-08,장수 팔성사 목조아미타불좌상,비지정문화재,1993-08-27,1 점,"전고 130, 직경100cm",1550년,전북 장수군 장수
도난,순천 선암사 [동종],안전기준과,2009-10-08,순천 선암사 [동종],비지정문화재,1993/08/09-10,1 점,"전고 74cm, 직경 50.5cm",18세기,전남 순천시 승주
도난,"진주 청곡사 포우대사영정, 후불탱화",안전기준과,2009-10-08,"진주 청곡사 포우대사영정, 후불탱화",비지정문화재,1993-08-02,2 점,영정 : 가로 78 * 세로 129/탱화 : 가로 168 * 세로 150cm,미상,경남 진양군 금산
도난,서산 문수사 금동아미타불좌상,안전기준과,2010-07-20,서산 문수사 금동아미타불좌상,충청남도 유형문화재 제34호,1993-07-24,1 점,높이 70cm 폭 50cm,1346년(고려 충목왕2년),충남 서산군 운산
도난,"[도난] 대구 달성 유가사 불화[괘불, 지장탱화, 후불탱화]",안전기준과,2009-10-08,"[도난] 대구 달성 유가사 불화[괘불, 지장탱화, 후불탱화]",비지정문화재,1993/07/16-17,3 점,괘불 가로290*세로400cm / 지장 가로210*세로200cm / 후불 가로350*세로400cm,"괘불 : 조선후기지장,후불 : 미상",대구 달성군 유가
도난,"예산 수덕사 신중, 칠성, 산신, 독성, 지장, 현왕탱화 등",안전기준과,2009-10-08,"예산 수덕사 신중, 칠성, 산신, 독성, 지장, 현왕탱화 등",비지정문화재,1993/07/09-10,6 점,신중:가로118*세로138cm / 칠성:182*136 / 산신:100*136 / 독성:64*104 / 지장:235*222 / 현왕:64*104,신중 조선후기 / 칠성 1870년 / 산신 1908년 / 독성 1908년 / 지장 조선후기 / 현왕 1908년,충남 예산군 덕산
도난,"강릉 선교장 백자퇴침, 유경, 약장, 철심용문나전문진",안전기준과,2009-10-08,"강릉 선교장 백자퇴침, 유경, 약장, 철심용문나전문진",비지정문화재,1993/06/18-19,6점,약장 120*100cm,조선말기,강원 강릉시 운정
도난,안동 8폭 양면 병풍,안전기준과,2009-09-29,안동 8폭 양면 병풍,비지정문화재,1993/05/14-15,1점,60*190cm,미상,경북 안동군 임하
도난,영덕 유금사 후불탱화,안전기준과,2009-09-29,영덕 유금사 후불탱화,비지정문화재,1993/04/23-24,1점,250*150cm,1920년,경북 영덕군 병곡
도난,합천 동의보감 (1613 활자본),안전기준과,2009-09-10,합천 동의보감 (1613 활자본),비지정문화재,1993/03/27-28,25점,,미상,경남 합천군 묘산
도난,통영 안정사 후불탱화,안전기준과,2009-09-29,통영 안정사 후불탱화,비지정문화재,1993-03-13,1점,250*300cm,미상,경남 통영군 광도
도난,통영 안정사 연(輦),안전기준과,2010-07-20,통영 안정사 연(輦),경상남도 유형문화재 제284호,1993-03-13,1 점,높이 130cm 길이 300cm,1752년,경남 통영군 광도
도난,안동 김성일선생 서한집 등,안전기준과,2009-09-29,안동 김성일선생 서한집 등,비지정문화재,1993-03-12,5점,,미상,경북 안동군 임하
도난,함양 허삼돌가옥의 사랑채 문짝,안전기준과,2010-07-20,함양 허삼돌가옥의 사랑채 문짝,중요민속자료 제207호,1993-03-09,5 점,가로 56cm 세로 195cm,1918년,경남 함양군 안의
도난,합천 함방리 구음재 목판「추담 · 구산선생문집판」,안전기준과,2010-07-20,합천 함방리 구음재 목판「추담 · 구산선생문집판」,경상남도 유형문화재 제210호,1993-03-07,71점,50cm 26cm,조선선조,경남 합천군 가회
도난,함안 선조어필(천보산),안전기준과,2009-10-08,함안 선조어필(천보산),비지정문화재,1993/02/17-22,1점,가로 500 * 세로 100cm,미상,경남 함안군 군북
도난,"고흥 능가사 관음보살상,  대세지보살상",안전기준과,2009-10-08,"고흥 능가사 관음보살상,  대세지보살상",비지정문화재,1993-02-16,2점,높이 120 * 폭 30cm,조선후기,전남 고흥군 정암
도난,"의성 운암사 관세음보살상, 대세지보살상, 후불탱화",안전기준과,2009-07-02,"의성 운암사 관세음보살상, 대세지보살상, 후불탱화",비지정문화재,1993/01/09-01/10,"불상(2점), 탱화(1점)",보살상(2점) : 높이 80cm/ 탱화 가로 254 * 세로316cm,1811년(순조11년),경북 점촌시 불정
도난,"[도난]서울 고 김충현 소장 회화류[겸재 정선 한강진경 8폭병풍 그림, 황려호]9점",안전기준과,2009-09-29,"[도난]서울 고 김충현 소장 회화류[겸재 정선 한강진경 8폭병풍 그림, 황려호]9점",비지정문화재,1993-01-05,9점,첨부파일 자료 참조,조선시대,서울 동선동4가 
도난,용인 심곡서원 고서적,안전기준과,2009-09-29,용인 심곡서원 고서적,비지정문화재,1992-12-29,326권,미상,미상,경기 용인군 수지
도난,안동 천하도(고지도),안전기준과,2009-09-29,안동 천하도(고지도),비지정문화재,1992-11-25,1점,42*31cm,1790년,경북 안동군 북후
도난,"순천 정혜사 관음보살상, 대세지보살상",안전기준과,2009-10-08,"순천 정혜사 관음보살상, 대세지보살상",비지정문화재,1992-09-02,2점,높이 70 * 폭 40cm,1699년(숙종29년),전남 순천시 서면
도난,[도난] 성주 고산리 백세각(송만수 가) 소장 [송간집 등 고서] 545점,안전기준과,2011-01-26,[도난] 성주 고산리 백세각(송만수 가) 소장 [송간집 등 고서] 545점,비지정문화재,1992-08-23,545책,미상,조선,경북 성주군 초전
도난,고령 반룡사 괘불(아미타회상도),안전기준과,2009-10-08,고령 반룡사 괘불(아미타회상도),비지정문화재,1992-08-08,1점,가로 300 * 세로 360cm,조선 후기,경북 고령군 쌍림
도난,"통영 안정사 신중탱화, 후불탱화",안전기준과,2009-10-08,"통영 안정사 신중탱화, 후불탱화",비지정문화재,1992-07-16,2점,신중 : 가로 100 * 세로 120/후불 : 가로 197 * 세로 170cm,조선 후기,경남 통영군 광도
도난,"진주 청곡사 산신탱화, 칠성탱화",안전기준과,2009-10-08,"진주 청곡사 산신탱화, 칠성탱화",비지정문화재,1992-05-02,2점,산신 : 가로 69 * 세로 103/ 칠성 가로 55 * 세로 82cm,산신 : 1968년 / 칠성 : 미상,경남 진주시 금산
도난,순천 정혜사 아미타회상도,안전기준과,2009-10-08,순천 정혜사 아미타회상도,비지정문화재,1992-03-23,1점,가로 250 * 세로 350cm,1699년,전남 순천시 서면
도난,성주 점필재문집 등,안전기준과,2009-09-29,성주 점필재문집 등,비지정문화재,1992-03-15,72권,,조선 성종,경북 성주군 선남
도난,파주 보광사 팔상도,안전기준과,2009-10-08,파주 보광사 팔상도,비지정문화재,1992-03-10,1점,가로 300 * 세로 150cm,1898년,경기 파주군 광탄
도난,광주 자치통감강목,안전기준과,2009-09-29,광주 자치통감강목,비지정문화재,1992-03-06,97권,,150-400년전,경기 광주군 중부
도난,순천 동화사 후불탱화,안전기준과,2009-10-08,순천 동화사 후불탱화,비지정문화재,1992-03-01,1점,가로 300 * 세로 400cm,조선말기,전남 순천시 별량
도난,영월 보덕사 석가모니 후불탱화,안전기준과,2009-10-08,영월 보덕사 석가모니 후불탱화,비지정문화재,1992-02-15,1점,가로 286 * 세로 305cm,1786년,강원 영월군 영월
도난,"영천 은해사 조사탱화, 신중탱화, 산신탱화",안전기준과,2009-10-08,"영천 은해사 조사탱화, 신중탱화, 산신탱화",비지정문화재,1992-02-11,3점,"조사 : 가로 110 * 세로 106cm,/ 신중 가로 120 * 세로 144cm,/ 산신 가로  95 * 세로 102cm",1897년,경북 영천군 청통
도난,창녕 석불좌상,안전기준과,2009-10-08,창녕 석불좌상,비지정문화재,1992-02-10,1점,높이 180 * 폭 120cm,미상,경남 창녕군 성산
도난,[도난] 종로 옥인동 금동여래좌상 등,안전기준과,2012-12-04,[도난] 종로 옥인동 금동여래좌상 등,비지정문화재,1992-01-31,4점,"불상 : 높이 15cm송자루가마백자, 적회사방향로 등 : 미상","불상 : 고려시대송자루가마백자, 적회사방향로 등 : 미상",서울시 종로구 옥
도난,창녕 관룡사 후불탱화,안전기준과,2009-09-29,창녕 관룡사 후불탱화,비지정문화재,1992-01-16,1점,310*50cm,250년전,경남 창녕군 창녕
도난,예산 향천사 지장시왕탱화,안전기준과,2009-10-08,예산 향천사 지장시왕탱화,비지정문화재,1991-12-02,1점,가로 200 * 세로 300cm,조선시대,충남 예산군 예산
도난,천안 광덕사 후불탱화(약사회상도),안전기준과,2009-10-08,천안 광덕사 후불탱화(약사회상도),비지정문화재,1991-11-10,1점,가로 270 * 세로 342cm,1974년,충남 천안군 광덕
도난,경산 반룡사 목조아미타불좌상,안전기준과,2009-10-08,경산 반룡사 목조아미타불좌상,비지정문화재,1991-10-21,1점,높이 120 * 폭 70cm,조선 후기,경북 경산군 용성
도난,대구 파계사 삼장탱화 · 나한탱화,안전기준과,2009-10-08,대구 파계사 삼장탱화 · 나한탱화,비지정문화재,1991-10-12,2점,나한 가로152*세로152cm /삼장 가로152*세로330cm ,나한 1867년 / 삼장 1707년,대구시 동구 중대
도난,강릉 보현사 영산회상도,안전기준과,2009-10-08,강릉 보현사 영산회상도,비지정문화재,1991-09-12,1점,가로 262 * 세로 225cm,1822년(순조 22년),강원 강릉시 성산
도난,김천 청암사 수도암 청동종,안전기준과,2009-09-29,김천 청암사 수도암 청동종,비지정문화재,1991/08/09-10,1점,"높이 50, 구경 40cm, 무게 80kg",미상,경북 금릉군 증산
도난,"밀양 표충사 신중탱화, 영산회상도, 칠성탱화",안전기준과,2009-10-08,"밀양 표충사 신중탱화, 영산회상도, 칠성탱화",비지정문화재,1991-06-29,3점,신중탱화 : 가로 217 * 세로 200 / 회상도 : 가로 188 * 세로 224/ 칠성 : 가로 182 * 162cm,신중 : 1861년 / 영산회상도 : 1785년 / 칠성탱화 : 1861년,경남 밀양군 단장
도난,청주 보살사 아미타후불도 및 협시보살좌상,안전기준과,2009-10-08,청주 보살사 아미타후불도 및 협시보살좌상,비지정문화재,1991-05-24,"1점, 2점","후불(1점) 가로253 * 세로204cm, 협시(2점) 98*100cm",후불 불상 : 1945년,충북 청주시 용암
도난,서천 문헌서원 목판「가정 ·  목은선생문집판」,안전기준과,2010-07-20,서천 문헌서원 목판「가정 ·  목은선생문집판」,충청남도 유형문화재 제77호,1991/05/14-15,139판,가로 76cm / 세로 22cm,가정 이곡(1298~1351년) / 목은 이색(1328~1396년),충남 서천군 기산
도난,남해 백련암 범종,안전기준과,2009-10-08,남해 백련암 범종,비지정문화재,1991-04-26,1점,높이 42 * 지름 60cm,1699년,경남 남해군 이동
도난,서산 개심사 후불탱화(관경변상도),안전기준과,2009-10-08,서산 개심사 후불탱화(관경변상도),비지정문화재,1991/04/08-09,1점,가로 260 * 세로 460cm,1767년,충남 서산군 운산
도난,"안성 청룡사 신중탱화, 칠성탱화, 시왕탱화",안전기준과,2009-10-08,"안성 청룡사 신중탱화, 칠성탱화, 시왕탱화",비지정문화재,1991/03/07-08,3점,"신중145*161, 칠성143*196, 현황154*143cm","신중1634, 칠성,현황 1917년",경기 안성군 서운
도난,[도난] 고창 선운사 소재 목판[석씨원류목판] 43점,안전기준과,2010-07-20,[도난] 고창 선운사 소재 목판[석씨원류목판] 43점,전북유형문화재 제14호,1980년 초반추정,43점,가로 39cm/세로29.5cm,미상,전북고창군 아산면
도난,무주 구상화강편마암,안전기준과,2010-07-20,무주 구상화강편마암,천연기념물 제249호,1991-01-30,4개,20cm 40cm,1400년대,전북 무주군 무주
도난,"고흥 수도암 목조아미타불좌상, 아미타삼존도",안전기준과,2009-10-08,"고흥 수도암 목조아미타불좌상, 아미타삼존도",비지정문화재,1990/10/30-31,각 1점,좌상 : 높이 50cm * 폭 40/삼존도 : 가로 100 * 세로 100cm,조선시대,전남 고흥군 두원
도난,진주 오방산 조선조 팔각형 고분군 앞 문인석,안전기준과,2010-07-20,진주 오방산 조선조 팔각형 고분군 앞 문인석,경상남도 기념물 제41호,1990/09/27-29,2쌍,높이 158cm 폭 45cm,1400년대(조선초),경남 진주시 미천
도난,고흥 수도암 칠원성군도,안전기준과,2009-10-15,고흥 수도암 칠원성군도,비지정문화재,1990/09/27-28,1점,가로 91 * 세로 118cm,조선 후기,전남 고흥군 두원
도난,나주 다보사 시왕탱화,안전기준과,2009-10-15,나주 다보사 시왕탱화,비지정문화재,1990-09-10,9점,가로 90 * 세로 120cm,조선 후기,전남 나주시 경현
도난,광양 백운암 삼존불감,안전기준과,2009-10-15,광양 백운암 삼존불감,비지정문화재,1990-09-10,1점,불존(1) : 높이 20/협시보살(2) : 높이 50 * 폭 15cm,조선후기,전남 광양군 옥룡
도난,청도 죽림사 탱화,안전기준과,2009-09-29,청도 죽림사 탱화,비지정문화재,1990-08-31,2점,35*70cm,미상,경북 청도군 화양
도난,"영월 보덕사 지장시왕탱화, 신중탱화",안전기준과,2009-10-15,"영월 보덕사 지장시왕탱화, 신중탱화",비지정문화재,1990-08-06,2점,지장 : 가로198*세로200cm / 신중 : 가로160*세로120cm,지장 및 신중탱화 : 1786년,강원 영월군 영월
도난,광명 이원익선생묘의 장명등,안전기준과,2010-07-20,광명 이원익선생묘의 장명등,경기도 기념물 제85호,1990-07-22,1점,높이 160cm 폭 200cm,1635년,경기 광명시 소하
도난,"구례 매천사 10폭병풍, 필통,  연적, 서적",안전기준과,2009-10-15,"구례 매천사 10폭병풍, 필통,  연적, 서적",비지정문화재,1990/07/12-15,"병풍(1),필통(1), 연적(1),서적(54)",병풍 : 가로 375 * 세로 128cm/필통 : 지름 8 * 높이 10/연적 : 지름 10/서적 : 사진 참조,1907년,전남 구례군 광의
도난,[도난] 봉화 석평리 권헌조씨 댁 소장 고문서 [퇴계원집 등 고서적] 63점,안전기준과,2012-11-16,[도난] 봉화 석평리 권헌조씨 댁 소장 고문서 [퇴계원집 등 고서적] 63점,비지정문화재,1990-06-19,63책,미상,조선,경북 봉화군 봉화
도난,양산 신흥사 신장 보살탱화,안전기준과,2009-09-29,양산 신흥사 신장 보살탱화,비지정문화재,1990-05-19,1점,150*180cm,1786년,경남 양산군 원동
도난,여주 서희장군 부인묘의 장명등,안전기준과,2010-07-20,여주 서희장군 부인묘의 장명등,경기도 기념물 제36호,1990-05-03,1점,높이 120cm 폭 29cm,999년,경기 여주군 산북
도난,"예천 자치통감, 국조보감외 고서적",안전기준과,2009-09-29,"예천 자치통감, 국조보감외 고서적",비지정문화재,1990/03/16-04/08,400책,,미상,경북 예천군 용문
도난,예천 죽림리 권영기 가 목판「대동운부군옥책판」,안전기준과,2010-07-20,예천 죽림리 권영기 가 목판「대동운부군옥책판」,보물 제878호,1990/03/16-04/08,18판,가로 57cm 세로 24cm 두께 2cm,1812년,경북 예천군 용문
도난,괴산 석탑(옥개석),안전기준과,2009-10-15,괴산 석탑(옥개석),비지정문화재,1990-02-22,2개,100*100cm,미상,충북 괴산군 문광
도난,제천 석불입상,안전기준과,2009-09-29,제천 석불입상,비지정문화재,1990/02/09-10,1점,180*60cm,미상,충북 제원군 송학
도난,군위 신흥사 삼층석탑,안전기준과,2009-09-29,군위 신흥사 삼층석탑,비지정문화재,1989/12/12-23,1기,,200년전,경북 군위군 우보
도난,강화 백련사 목조아미타불좌상,안전기준과,2009-10-15,강화 백련사 목조아미타불좌상,비지정문화재,1989/12/11-12,1점,"높이 30, 폭 15cm",미상,인천광역시 강화군
도난,강화 백련사 철아미타불좌상,안전기준과,2010-07-20,강화 백련사 철아미타불좌상,보물 제994호,1989-12-11,1구,"높이 51.5cm 폭 34cm, 두고 15.5cm",14세기,인천광역시 강화군
도난,남원 실상사 부도(보주),안전기준과,2009-10-15,남원 실상사 부도(보주),비지정문화재,1989/10/03-04,1점,높이 30cm,통일신라,전북 남원군 산내
도난,횡성 상동리 석불좌상의 불두,안전기준과,2010-07-20,횡성 상동리 석불좌상의 불두,강원도 유형문화재 제20호,1989-10-20,1두,높이 43cm,통일신라,강원도 횡성군 공
도난,남원 실상사 백장암 석등의 보주,안전기준과,2010-07-20,남원 실상사 백장암 석등의 보주,보물 제40호,1989-10-03,1점,높이 20cm,통일신라,전북 남원군 산내
도난,정읍 무성서원 직인 등,안전기준과,2009-09-29,정읍 무성서원 직인 등,비지정문화재,1989/09/12-30,31점,,,전북 정읍군 칠보
도난,울진 주인리 삼층석탑,안전기준과,2009-09-29,울진 주인리 삼층석탑,비지정문화재,1989/07/25-27,1기,"높이 50, 둘레 11cm",,경북 울진군 북면
도난,"부여 무량사 금동불상, 청동외합, 내합, 보살문원판, 동경",안전기준과,2010-07-20,"부여 무량사 금동불상, 청동외합, 내합, 보살문원판, 동경",충청남도 유형문화재 제100호,1989-07-13,5점,불상 높이 33.5cm,신라말 ~ 고려초,충남 부여군 외산
도난,[도난] 고창 선운사 소장 목조사자상(사자업경대)1점,안전기준과,2009-10-15,[도난] 고창 선운사 소장 목조사자상(사자업경대)1점,비지정문화재,1989-06-17,1점,"높이 100,폭 50, 가로 70cm",1946년,전북 고창군 아산
도난,군위 대율리 삼층석탑,안전기준과,2009-10-15,군위 대율리 삼층석탑,비지정문화재,1989/06/07-08,1기,높이 300cm,미상,경북 군위군 부계
도난,예천 보문사 후불 · 지장 · 신중탱화 등,안전기준과,2009-10-15,예천 보문사 후불 · 지장 · 신중탱화 등,비지정문화재,1989/06/04-05,후불(2점) 지장 신장 각 1점,1. 아미타회상도 : 가로 228 * 세로 2202. 영산회상도 : 가로 133 * 세로 1743. 지장탱화 : 가로 173 * 세로 1924. 신중탱화 : 가로 128 * 세로 153cm,영산회상도 : 1830년/아미타도 : 1767년지장 및 신중 : 1767년,경북 예천군 보문
도난,예천 용문사 동자상,안전기준과,2009-10-15,예천 용문사 동자상,비지정문화재,1989/04/04-09,9점,"높이 70, 흉폭 35cm",조선후기,경북 예천군 용문
도난,"임실 해월암 지장보살상, 관세음보살상(삼존불상)",안전기준과,2009-10-16,"임실 해월암 지장보살상, 관세음보살상(삼존불상)",비지정문화재,1989-02-25,2점,"높이 40, 둘레 14cm",1950년대,전북 임실군 둔남
도난,의성 고운사 관음탱화(42도 관음보살. 신중탱화),안전기준과,2009-09-29,의성 고운사 관음탱화(42도 관음보살. 신중탱화),비지정문화재,1989-01-13,"관음(1점), 신중(2점)",관음 가로 240 * 세로 210 / 신장 100 * 170cm,미상,경북 의성군 단촌
도난,광주 신립장군묘역의 석조물 [장명등],안전기준과,2010-07-20,광주 신립장군묘역의 석조물 [장명등],경기도 기념물 제95호,1988-12-30,1기,높이 117cm 폭 90cm,1688년,경기도 광주군 실
도난,[도난] 완주 대원사 소장 목조각문화재[사자상] 1점,안전기준과,2010-07-20,[도난] 완주 대원사 소장 목조각문화재[사자상] 1점,전라북도 민속자료 제9호,1988-12-01,1기,높이 87cm 길이 117cm,미상,전북 완주군 구이
도난,달성 도동서원 돌용머리상,안전기준과,2009-10-16,달성 도동서원 돌용머리상,비지정문화재,1988/11/16-18,1점,높이 30cm,미상,대구광역시 달성군
도난,산청 덕계선생문집 책판·사호집 및 수오당실기책판,안전기준과,2009-09-29,산청 덕계선생문집 책판·사호집 및 수오당실기책판,경상남도 유형문화재 제163호,1988-11-12,461매,가로 42cm 세로 27cm,조선 숙종,경남 산청군 산청
도난,상주 용흥사 귀왕상(목조),안전기준과,2009-09-29,상주 용흥사 귀왕상(목조),비지정문화재,1988-11-11,2점,"높이 95, 폭 53cm 무게 30kg",미상,경북 상주시 지천
도난,"강릉 보현사 석사자상, 지장시왕탱화",안전기준과,2009-10-16,"강릉 보현사 석사자상, 지장시왕탱화",비지정문화재,1988-11-06,2점,석상 높이 150cm / 탱화 140*150cm,석사자상 : 고려초 / 탱화 : 1799년,강원도 강릉시 성
도난,"김제 귀신사 신중탱화, 칠성탱화",안전기준과,2009-10-16,"김제 귀신사 신중탱화, 칠성탱화",비지정문화재,1988-10-20,2점,"신중150*230, 칠성160*180cm",1920년,전북 김제군 금산
도난,부여 무량사 신장탱화,안전기준과,2009-10-16,부여 무량사 신장탱화,비지정문화재,1988-10-08,1점,가로 99 * 세로130cm,조선후기,충남 부여군 익산
도난,영암 도갑사석장승,안전기준과,2010-07-20,영암 도갑사석장승,전라남도 민속자료 제21호,1988-08-02,2기,좌 높이 178cm 둘레 115cm / 우 높이 185cm 둘레 222cm,미상,전남 영암군 군서
도난,순천 동화사 불상 [목조금강역사상],안전기준과,2009-10-19,순천 동화사 불상 [목조금강역사상],비지정문화재,1988-07-21,2점,높이 120 / 가로 45 / 세로 105cm,조선 후기,전남 순천시 별량
도난,부안 내소사 부도,안전기준과,2009-10-19,부안 내소사 부도,비지정문화재,1988-07-15,1점,높이 200cm 둘레 70cm,미상,전북 부안군 진서
도난,"구례 천은사 지방보살도, 위폐·인폐 등",안전기준과,2009-10-19,"구례 천은사 지방보살도, 위폐·인폐 등",비지정문화재,1988/07/14-15,5점,보살 : 가로 210 * 세로 261cm/ 위폐(2) : 30 * 50cm / 인폐(2) : 50 * 75cm,"탱화 : 1762년(건륭27년) /위패, 인패 : 미상",전남 구례군 광의
도난,상주 운평리 구상화강암,안전기준과,2010-07-20,상주 운평리 구상화강암,천연기념물 제69호,1988/06/19-20,1개,"60cm, 30cm",미상,경북 상주군 낙동
도난,순천 동화사 부도(회수),안전기준과,2009-10-19,순천 동화사 부도(회수),비지정문화재,1988/05/29-30,1점,"높이 120, 폭 70cm",조선후기,전남 순천시 별량
도난,순천 동화사 [면서당 부도],안전기준과,2009-10-19,순천 동화사 [면서당 부도],비지정문화재,1988/03/16-18,1점,높이 162 / 폭 70 / 세로 65cm,조선후기,전남 순천시 별량
도난,[도난] 봉화 청량사 불상 [석가모니좌상],안전기준과,2009-09-29,[도난] 봉화 청량사 불상 [석가모니좌상],비지정문화재,1988-03-05,1점,"높이 50, 폭 60cm",미상,경북 봉화군 명호
도난,문경 봉정리 3층석탑,안전기준과,2009-09-29,문경 봉정리 3층석탑,비지정문화재,1988-02-16,1기,"상대 폭 160, 하대 222cm",미상,경북 문경군 산양
도난,진주 청곡사 목동자상,안전기준과,2009-10-19,진주 청곡사 목동자상,비지정문화재,1988-02-06,10점,높이 86 * 폭 31cm,300년전,경남 진주시 금산
도난,고성 운흥사 불화 [팔상탱화],안전기준과,2009-10-19,고성 운흥사 불화 [팔상탱화],비지정문화재,1988-01-29,8점,가로 150 * 세로 200cm,1719년(강희18년),경남 고성군 하이
도난,김천 직지사 [목사자상(木獅子像)],안전기준과,2009-10-19,김천 직지사 [목사자상(木獅子像)],비지정문화재,1988/01/20-21,1점,미상,미상,경북 금릉군 대항
도난,평창 동산리 월정사 [부도],안전기준과,2010-07-20,평창 동산리 월정사 [부도],강원도 문화재자료 제32호,1988-01-07,1기,높이 70cm 폭 50cm,미상,강원도 평창군 진
도난,달성 용연사 불화 [독성탱화 · 신중탱화],안전기준과,2009-10-19,달성 용연사 불화 [독성탱화 · 신중탱화],비지정문화재,1987-08-10,2점,"독성탱화 가로 94cm, 세로 73cm신중탱화 : 가로 176cm, 세로 150cm",독성탱화 : 1876년 / 신중탱화 : 1919년,대구광역시 달성군
도난,"순천 선암사 부도 [태허당부도, 연암당부도, 호암당부도]",안전기준과,2009-10-20,"순천 선암사 부도 [태허당부도, 연암당부도, 호암당부도]",비지정문화재,1987/06 초순,3점,"태허당 64cm, 연암당 103cm, 호암당부도 119cm",미상,전남 순천시 승주
도난,[도난] 제주 민속자연사박물관 소장 [분청음각연화문병 등],안전기준과,2009-09-29,[도난] 제주 민속자연사박물관 소장 [분청음각연화문병 등],비지정문화재,1986/10/07-08,4점,,조선,제주도 북제주군 
도난,고령 합가리 도연재 내 문짝 [장문],안전기준과,2010-07-20,고령 합가리 도연재 내 문짝 [장문],경상북도 문화재자료 제111호,Sep-86,2짝,,1866년(고종3년),경북 고령군 쌍림
도난,[도난] 공주 옥룡동 [김복한 선생 영정],안전기준과,2011-08-24,[도난] 공주 옥룡동 [김복한 선생 영정],비지정문화재,1986. 02. 20 - 02. 21,3점,미상,,충남 공주시 옥룡
도난,순천 선암사 부도 [화산대사사리탑 기단(동물상)],안전기준과,2010-07-20,순천 선암사 부도 [화산대사사리탑 기단(동물상)],전라남도 문화재자료 제42호,1986-02-06,2점,높이 80cm,미상,전남 순천시 승주
도난,[도난] 보령 성주리 성주사지내 [석계단(聖住寺址石階段)],안전기준과,2011-08-24,[도난] 보령 성주리 성주사지내 [석계단(聖住寺址石階段)],충청남도 문화재자료 제140호,1986/01/28-29,2점,5단석,통일신라,충남 보령시 성주
도난,[도난] 마산 두척동 모덕사 소장 영정 [최치원 영정 등],안전기준과,2011-08-24,[도난] 마산 두척동 모덕사 소장 영정 [최치원 영정 등],비지정문화재,1985-11-26,25점,가로 60 * 세로 100cm,1904년 ,경남 마산시 두척
도난,[도난] 아산 유곡리 봉곡사 소장 불화 [관음보살상],안전기준과,2011-08-24,[도난] 아산 유곡리 봉곡사 소장 불화 [관음보살상],충청남도 문화재자료 제242호,1985.11.07-11.08,1점,가로 40cm 세로 75cm,미상,충남 아산시 송악
도난,"[도난] 서산 대산중학교 향토관 소장 불상 등 [철조여래불상,청화백자, 장승업그림, 민화, 동경, 마패, 와당, 엽전] 114점",안전기준과,2011-08-24,"[도난] 서산 대산중학교 향토관 소장 불상 등 [철조여래불상,청화백자, 장승업그림, 민화, 동경, 마패, 와당, 엽전] 114점",비지정문화재,1985. 10. 28,"1점,  3점,  5점,  105","동경 23, 백자 27*43*7cm",고려-조선,충남 서산군 대산
도난,[도난] 상주 금혼리 충의사유물전시관 정기룡장군유물 중 [유서] 1점,안전기준과,2011-08-24,[도난] 상주 금혼리 충의사유물전시관 정기룡장군유물 중 [유서] 1점,보물 제669호,1985-10-07,1매,가로 91cm 세로 262cm,1617년,경북 상주군 사벌
도난,"[도난] 종로구 이화장 소장 서화류 등 [시화, 병풍 등] 19점",안전기준과,2011-08-24,"[도난] 종로구 이화장 소장 서화류 등 [시화, 병풍 등] 19점",비지정문화재,1985. 08. 14 - 15,19점,미상,1959년,서울 종로구 이화
도난,"[도난] 김천 상원리 정양공위 사당 소장 [일산, 호패, 좌리공신교서] 6점",안전기준과,2011-08-24,"[도난] 김천 상원리 정양공위 사당 소장 [일산, 호패, 좌리공신교서] 6점",비지정문화재,1985-04-21,6점,일산 : 높이 251cm /교서 가로 139 * 세로 27cm,일산(1) :  조선/호패(4) : 미상/교서(1) : 1472년,경북 김천시 구성
도난,"[도난] 구미 임수동 동락서원 소장 영정[여헌 영정, 가죽신]",안전기준과,2011-08-24,"[도난] 구미 임수동 동락서원 소장 영정[여헌 영정, 가죽신]",비지정문화재,1985/01/19-20,"1매,  1켤레",영정 : 가로 121 * 세로 182cm/ 가죽신 40cm,1554-1632,경북 구미시 임수
도난,"[도난] 용인 상현리 심곡서원 소장 고문서 등[소학 등,  향합] 98점",안전기준과,2011-08-24,"[도난] 용인 상현리 심곡서원 소장 고문서 등[소학 등,  향합] 98점",비지정문화재,1985.01.03,"96책,  2점",,미상,경기도 용인군 누
